layer_idx,layer_name,filter_idx,sample_idx,iterations,learning_rate,tv_reg,l2_reg,activation_mode,final_activation,final_target_loss,final_suppression_loss,final_tv_loss,final_l2_loss,loss_reduction,grad_variation,loss_slope_lastk,loss_std_lastk,grad_mean_lastk,converged
8,wave_feature_stage1.0.wave_feature_conv1,21,0,1000,0.002,150.0,30.0,post_relu_mean,103.60004425048828,-103.60004425048828,4.927703857421875,0.3133518695831299,0.24077829718589783,243.00395011901855,0.7017045069495041,-0.06958956776024353,4.02312836487397,1.8527442473173141,False
8,wave_feature_stage1.0.wave_feature_conv1,15,0,1000,0.002,150.0,30.0,post_relu_mean,27.105745315551758,-27.105745315551758,2.5011982917785645,0.12391428649425507,0.09878818690776825,243.77926063537598,0.4964508489190658,-0.10446845112635159,6.035972894844447,2.2216901350021363,False
8,wave_feature_stage1.0.wave_feature_conv1,24,0,1000,0.002,150.0,30.0,post_relu_mean,19.21407127380371,-19.21407127380371,2.455416202545166,0.10369215160608292,0.09187030047178268,294.31932830810547,0.592165395143465,-0.11422223059581928,6.601042598659562,2.333210982084274,False
10,wave_feature_stage1.0.wave_feature_conv2,5,0,1000,0.002,150.0,30.0,post_relu_mean,13.780823707580566,-13.780823707580566,1.454834222793579,0.0713658481836319,0.10110606253147125,168.5548610687256,0.19459370068835438,-0.0654822448828318,3.7872066854870683,2.009681775569916,False
10,wave_feature_stage1.0.wave_feature_conv2,27,0,1000,0.002,150.0,30.0,post_relu_mean,5.810928821563721,-5.810928821563721,1.3764770030975342,0.061857566237449646,0.08670802414417267,216.9903335571289,0.293079171419219,-0.09056587614641536,5.239159934077959,2.2213907086849214,False
10,wave_feature_stage1.0.wave_feature_conv2,19,0,1000,0.002,150.0,30.0,post_relu_mean,5.488628387451172,-5.488628387451172,1.339087963104248,0.05704216659069061,0.08588847517967224,229.59554862976074,0.33923611871727366,-0.08171346095500076,4.726890673060854,2.159810518026352,False
14,wave_feature_stage1.1.wave_feature_conv1,18,0,1000,0.002,150.0,30.0,post_relu_mean,39.803829193115234,-39.803829193115234,2.918501853942871,0.15785063803195953,0.14316287636756897,208.27923965454102,0.5325235469019471,-0.07716551098687288,4.458502694566664,2.0587626671791077,False
14,wave_feature_stage1.1.wave_feature_conv1,2,0,1000,0.002,150.0,30.0,post_relu_mean,36.82662582397461,-36.82662582397461,2.699115514755249,0.16380253434181213,0.15036651492118835,262.007999420166,0.6527680093254706,-0.08678641468695562,5.01689965925673,2.0489351481199263,False
14,wave_feature_stage1.1.wave_feature_conv1,16,0,1000,0.002,150.0,30.0,post_relu_mean,12.266181945800781,-12.266181945800781,1.9653514623641968,0.08019410073757172,0.07806673645973206,278.58303451538086,0.5019536929678442,-0.1120309225305706,6.4788804071142225,2.383265264034271,False
16,wave_feature_stage1.1.wave_feature_conv2,11,0,1000,0.002,150.0,30.0,post_relu_mean,5.799790859222412,-5.799790859222412,1.3194152116775513,0.058681584894657135,0.07689296454191208,218.5700225830078,0.2379437513497069,-0.08784520106243013,5.082683660027674,2.2430705106258393,False
16,wave_feature_stage1.1.wave_feature_conv2,22,0,1000,0.002,150.0,30.0,post_relu_mean,5.458459854125977,-5.458459854125977,1.3582518100738525,0.05834086239337921,0.07684459537267685,228.189058303833,0.28662636622182075,-0.09131292253015172,5.282675264722261,2.2728044819831847,False
16,wave_feature_stage1.1.wave_feature_conv2,4,0,1000,0.002,150.0,30.0,post_relu_mean,5.15565824508667,-5.15565824508667,1.34620201587677,0.06364695727825165,0.07597394287586212,227.35963249206543,0.30645179710327825,-0.09260788070013795,5.357673616124753,2.227742391824722,False
21,wave_pattern_stage2.0.wave_feature_conv1,22,0,1000,0.002,150.0,30.0,post_relu_mean,130.9674835205078,-130.9674835205078,7.566045761108398,0.2911151349544525,0.2696746289730072,304.01561737060547,1.3107158193508752,-0.08209029477865547,4.745089404883707,2.081829557418823,False
21,wave_pattern_stage2.0.wave_feature_conv1,24,0,1000,0.002,150.0,30.0,post_relu_mean,58.949039459228516,-58.949039459228516,4.961277484893799,0.15706171095371246,0.14646221697330475,322.49472427368164,1.1898980017719096,-0.11154618969577328,6.445799991419237,2.4189527869224547,False
21,wave_pattern_stage2.0.wave_feature_conv1,2,0,1000,0.002,150.0,30.0,post_relu_mean,16.432374954223633,-16.432374954223633,2.922576665878296,0.07737558335065842,0.08237539231777191,396.64100646972656,0.8137840351930357,-0.14679154405141098,8.494551065679895,2.9927505159378054,False
23,wave_pattern_stage2.0.wave_feature_conv2,37,0,1000,0.002,150.0,30.0,post_relu_mean,21.17343521118164,-21.17343521118164,2.317246437072754,0.07299964129924774,0.09818251430988312,211.11572074890137,0.36754601043586604,-0.08380244538814961,4.845986506272961,2.149684723615646,False
23,wave_pattern_stage2.0.wave_feature_conv2,7,0,1000,0.002,150.0,30.0,post_relu_mean,23.54201889038086,-23.54201889038086,2.5235586166381836,0.091252900660038,0.1154070794582367,242.08829879760742,0.5161807542865349,-0.08867634070784179,5.126315730831548,2.2053499960899354,False
23,wave_pattern_stage2.0.wave_feature_conv2,27,0,1000,0.002,150.0,30.0,post_relu_mean,13.798436164855957,-13.798436164855957,2.1496028900146484,0.07485829293727875,0.10246481001377106,286.1215171813965,0.6026546775893337,-0.10205238298796523,5.903484340416179,2.3725591897964478,False
26,wave_pattern_stage2.0.skip_connection.0,30,0,1000,0.002,150.0,30.0,post_relu_mean,16.19060707092285,-16.19060707092285,2.2874953746795654,0.06691484153270721,0.08280721306800842,286.3262462615967,0.46866729519126216,-0.11192510191573303,6.4780597450912705,2.6613264095783236,False
26,wave_pattern_stage2.0.skip_connection.0,37,0,1000,0.002,150.0,30.0,post_relu_mean,13.905036926269531,-13.905036926269531,2.092989683151245,0.06769062578678131,0.08276669681072235,297.6167297363281,0.4983450943976651,-0.11672978211994213,6.754962849451075,2.6704021656513213,False
26,wave_pattern_stage2.0.skip_connection.0,36,0,1000,0.002,150.0,30.0,post_relu_mean,14.577643394470215,-14.577643394470215,2.1337130069732666,0.06353028863668442,0.07804985344409943,303.8383312225342,0.46765333575608997,-0.11723669228653556,6.789606515327891,2.718919099569321,False
29,wave_pattern_stage2.1.wave_feature_conv1,35,0,1000,0.002,150.0,30.0,post_relu_mean,22.192983627319336,-22.192983627319336,3.8895294666290283,0.08267627656459808,0.0885976105928421,528.6429061889648,1.1999993487984337,-0.17795069643090872,10.307929695651618,3.4984791076183317,False
29,wave_pattern_stage2.1.wave_feature_conv1,39,0,1000,0.002,150.0,30.0,post_relu_mean,17.943315505981445,-17.943315505981445,3.811345338821411,0.0803276002407074,0.08419216424226761,548.2350311279297,1.2340809600736482,-0.1896686777692666,10.985181222255411,3.663354541063309,False
29,wave_pattern_stage2.1.wave_feature_conv1,4,0,1000,0.002,150.0,30.0,post_relu_mean,18.36404037475586,-18.36404037475586,4.110929489135742,0.09636710584163666,0.09475221484899521,603.6296997070312,1.5606365228353736,-0.20345814114579705,11.781300905306294,3.840966022014618,False
31,wave_pattern_stage2.1.wave_feature_conv2,28,0,1000,0.002,150.0,30.0,post_relu_mean,14.098007202148438,-14.098007202148438,2.666933536529541,0.06791789829730988,0.08251692354679108,380.2199020385742,0.7611349646350708,-0.13388746926371983,7.75513240047851,2.8987831795215606,False
31,wave_pattern_stage2.1.wave_feature_conv2,51,0,1000,0.002,150.0,30.0,post_relu_mean,14.323443412780762,-14.323443412780762,2.6358397006988525,0.0686955526471138,0.08212204277515411,392.3815040588379,0.7785576703317165,-0.1347596973730191,7.807426146957122,2.9178039979934693,False
31,wave_pattern_stage2.1.wave_feature_conv2,54,0,1000,0.002,150.0,30.0,post_relu_mean,11.969502449035645,-11.969502449035645,2.634439706802368,0.0709419921040535,0.08280409127473831,430.7511291503906,0.8948987565905665,-0.1456066941882364,8.43623787795137,3.0970418536663056,False
36,interference_stage3.0.wave_feature_conv1,30,0,1000,0.002,150.0,30.0,post_relu_mean,24.524442672729492,-24.524442672729492,3.9496843814849854,0.09001757204532623,0.09547381848096848,472.4389953613281,1.062345000732088,-0.1703175498546399,9.860088986189561,3.388542855978012,False
36,interference_stage3.0.wave_feature_conv1,78,0,1000,0.002,150.0,30.0,post_relu_mean,20.365774154663086,-20.365774154663086,3.9798266887664795,0.0952286645770073,0.0964234322309494,510.65256118774414,1.1911323148953188,-0.1845443805467695,10.68076094042917,3.611933012008667,False
36,interference_stage3.0.wave_feature_conv1,2,0,1000,0.002,150.0,30.0,post_relu_mean,18.25794219970703,-18.25794219970703,3.912034749984741,0.09799140691757202,0.09778545796871185,558.0986480712891,1.307883920240183,-0.20061913031304332,11.608143091171906,3.802454627752304,False
38,interference_stage3.0.wave_feature_conv2,52,0,1000,0.002,150.0,30.0,post_relu_mean,15.819377899169922,-15.819377899169922,3.2257132530212402,0.0783078670501709,0.0934932604432106,376.1995048522949,0.7421667032798995,-0.15188634760710787,8.78304827583081,3.158454750776291,False
38,interference_stage3.0.wave_feature_conv2,34,0,1000,0.002,150.0,30.0,post_relu_mean,13.51708984375,-13.51708984375,3.232386350631714,0.08132857829332352,0.0945606604218483,373.36176681518555,0.7680819321921704,-0.1519513507523434,8.784831307219969,3.196994231939316,False
38,interference_stage3.0.wave_feature_conv2,17,0,1000,0.002,150.0,30.0,post_relu_mean,13.046530723571777,-13.046530723571777,3.2318828105926514,0.08189785480499268,0.09572380036115646,383.7856750488281,0.805758699831462,-0.15409827660738218,8.913741632057125,3.2287032198905945,False
41,interference_stage3.0.skip_connection.0,126,0,1000,0.002,150.0,30.0,post_relu_mean,10.223893165588379,-10.223893165588379,2.1437721252441406,0.07439187169075012,0.08278582245111465,370.1335754394531,0.7241357365969515,-0.13253188656033238,7.675140562721513,2.8413351702690126,False
41,interference_stage3.0.skip_connection.0,90,0,1000,0.002,150.0,30.0,post_relu_mean,10.021926879882812,-10.021926879882812,2.198117971420288,0.0713178813457489,0.08149462938308716,370.5032157897949,0.7448485106415881,-0.12880959220616717,7.461094933999027,2.829172307252884,False
41,interference_stage3.0.skip_connection.0,68,0,1000,0.002,150.0,30.0,post_relu_mean,8.967314720153809,-8.967314720153809,2.1749205589294434,0.07609641551971436,0.08299796283245087,373.42063903808594,0.73790385751581,-0.13934406829561607,8.071460146778948,2.937707622051239,False
44,interference_stage3.1.wave_feature_conv1,28,0,1000,0.002,150.0,30.0,post_relu_mean,32.75746536254883,-32.75746536254883,5.767817974090576,0.11851783096790314,0.11329980194568634,496.84153747558594,1.2795572836800178,-0.19546105256291985,11.302150124504161,4.045454678535461,False
44,interference_stage3.1.wave_feature_conv1,125,0,1000,0.002,150.0,30.0,post_relu_mean,27.382991790771484,-27.382991790771484,5.647361755371094,0.12292540073394775,0.11334339529275894,537.6352767944336,1.3794384613453194,-0.21348542130110568,12.342654642701827,4.255034049749375,False
44,interference_stage3.1.wave_feature_conv1,2,0,1000,0.002,150.0,30.0,post_relu_mean,18.993854522705078,-18.993854522705078,5.592806339263916,0.12912894785404205,0.1127692237496376,615.6097793579102,1.6530044810764208,-0.23902479682887454,13.822421535117925,4.684551501274109,False
46,interference_stage3.1.wave_feature_conv2,19,0,1000,0.002,150.0,30.0,post_relu_mean,29.11139488220215,-29.11139488220215,4.132962226867676,0.09809053689241409,0.11570724844932556,298.690185546875,0.7213242324356234,-0.1229740866393059,7.107077168279415,2.9006619000434877,False
46,interference_stage3.1.wave_feature_conv2,34,0,1000,0.002,150.0,30.0,post_relu_mean,23.568395614624023,-23.568395614624023,3.8679466247558594,0.09399223327636719,0.10712425410747528,309.8577575683594,0.762407744418779,-0.12794573454920183,7.39639330975752,2.961473752260208,False
46,interference_stage3.1.wave_feature_conv2,32,0,1000,0.002,150.0,30.0,post_relu_mean,17.858421325683594,-17.858421325683594,3.724177837371826,0.09330479055643082,0.10369919240474701,344.9896430969238,0.8251839977333727,-0.13866679515250666,8.017730664205027,3.1649054718017577,False
51,source_localization_stage4.0.wave_feature_conv1,240,0,1000,0.002,150.0,30.0,post_relu_mean,681.1727294921875,-681.1727294921875,41.64639663696289,0.22940196096897125,0.3112429678440094,559.7102422714233,1.647351962311884,-0.19601554366623677,11.333510445182462,3.6304135906696318,False
51,source_localization_stage4.0.wave_feature_conv1,131,0,1000,0.002,150.0,30.0,post_relu_mean,35.53883361816406,-35.53883361816406,5.971783638000488,0.11881472170352936,0.11080937832593918,480.47251892089844,1.3308810970436507,-0.1929000993999155,11.157117035357183,3.9438537836074827,False
51,source_localization_stage4.0.wave_feature_conv1,146,0,1000,0.002,150.0,30.0,post_relu_mean,36.749202728271484,-36.749202728271484,6.060818672180176,0.12381815910339355,0.11423498392105103,484.85491943359375,1.3692994376970409,-0.19466300461947275,11.25458867994724,3.9401304936408996,False
53,source_localization_stage4.0.wave_feature_conv2,157,0,1000,0.002,150.0,30.0,post_relu_mean,41.61228942871094,-41.61228942871094,4.294524192810059,0.117483951151371,0.16569852828979492,210.01904678344727,0.6649076998475977,-0.08580932280722796,4.957858885304437,2.333820207118988,False
53,source_localization_stage4.0.wave_feature_conv2,118,0,1000,0.002,150.0,30.0,post_relu_mean,185.48989868164062,-185.48989868164062,12.095645904541016,0.11823353916406631,0.21848855912685394,249.33518981933594,0.6981363085766146,-0.0734524432732858,4.24808440311652,2.0977654922008515,False
53,source_localization_stage4.0.wave_feature_conv2,170,0,1000,0.002,150.0,30.0,post_relu_mean,148.68299865722656,-148.68299865722656,9.595690727233887,0.16665738821029663,0.28336983919143677,243.9600601196289,0.7777264129276868,-0.10139788773611859,5.860633833136437,2.2975411474704743,False
56,source_localization_stage4.0.skip_connection.0,121,0,1000,0.002,150.0,30.0,post_relu_mean,13.505117416381836,-13.505117416381836,2.3604791164398193,0.07297873497009277,0.08467739075422287,302.6179389953613,0.5518212901010916,-0.12040488815679556,6.965071035675063,2.729847557544708,False
56,source_localization_stage4.0.skip_connection.0,157,0,1000,0.002,150.0,30.0,post_relu_mean,13.803677558898926,-13.803677558898926,2.433305025100708,0.07403670251369476,0.0872616320848465,307.1177635192871,0.5840693379487527,-0.12480336366872459,7.223404353274699,2.825681949853897,False
56,source_localization_stage4.0.skip_connection.0,146,0,1000,0.002,150.0,30.0,post_relu_mean,17.595090866088867,-17.595090866088867,2.433438777923584,0.06861477345228195,0.08296795934438705,315.58846855163574,0.5985199590188931,-0.12118633904425263,7.013756439737342,2.7206104373931885,False
59,source_localization_stage4.1.wave_feature_conv1,123,0,1000,0.002,150.0,30.0,post_relu_mean,250.27456665039062,-250.27456665039062,14.403458595275879,0.1916394829750061,0.3676772117614746,264.7159185409546,0.9106295539599646,-0.09010071123155075,5.2094903287636525,2.1508501982688903,False
59,source_localization_stage4.1.wave_feature_conv1,56,0,1000,0.002,150.0,30.0,post_relu_mean,141.31698608398438,-141.31698608398438,9.168620109558105,0.15286511182785034,0.24674846231937408,262.51790618896484,0.8927416309606467,-0.10177411654558255,5.9044799182266905,2.3345142912864687,False
59,source_localization_stage4.1.wave_feature_conv1,127,0,1000,0.002,150.0,30.0,post_relu_mean,35.61908721923828,-35.61908721923828,4.437426567077637,0.12486813217401505,0.15288914740085602,290.2674369812012,0.9820839406802747,-0.11654805147003215,6.7317605852777715,2.7875144362449644,False
61,source_localization_stage4.1.wave_feature_conv2,243,0,1000,0.002,150.0,30.0,post_relu_mean,22.76824378967285,-22.76824378967285,3.1236913204193115,0.13762590289115906,0.20388922095298767,220.18560791015625,0.9680258689438874,-0.08427925119018784,4.868924624129938,2.37898864030838,False
61,source_localization_stage4.1.wave_feature_conv2,18,0,1000,0.002,150.0,30.0,post_relu_mean,30.387746810913086,-30.387746810913086,3.618683338165283,0.14315810799598694,0.20895643532276154,227.3129653930664,1.1175001023163682,-0.08622481298707732,4.981139005116594,2.3192476725578306,False
61,source_localization_stage4.1.wave_feature_conv2,167,0,1000,0.002,150.0,30.0,post_relu_mean,26.860088348388672,-26.860088348388672,3.359748363494873,0.15158209204673767,0.23651771247386932,236.23114395141602,1.1371835022876693,-0.08783055317139919,5.074920230465975,2.398576511144638,False
8,wave_feature_stage1.0.wave_feature_conv1,21,1,1000,0.002,150.0,30.0,post_relu_mean,109.49140930175781,-109.49140930175781,5.049243927001953,0.3297382593154907,0.22143509984016418,245.95977592468262,0.6879367467992838,-0.06972758674607278,4.033370833884054,1.8268327301740646,False
8,wave_feature_stage1.0.wave_feature_conv1,15,1,1000,0.002,150.0,30.0,post_relu_mean,29.30966567993164,-29.30966567993164,2.4056169986724854,0.13304634392261505,0.07103283703327179,248.1911849975586,0.48709085092850246,-0.10784776277341121,6.233089106426016,2.151624164581299,False
8,wave_feature_stage1.0.wave_feature_conv1,24,1,1000,0.002,150.0,30.0,post_relu_mean,19.172840118408203,-19.172840118408203,2.3608860969543457,0.10504356771707535,0.05552542954683304,298.302490234375,0.5578563334274264,-0.12384971628380065,7.15665841388034,2.352809599637985,False
10,wave_feature_stage1.0.wave_feature_conv2,5,1,1000,0.002,150.0,30.0,post_relu_mean,14.230825424194336,-14.230825424194336,1.4536688327789307,0.07176223397254944,0.06992955505847931,170.387544631958,0.17239319492403962,-0.06943719054917137,4.013976585873396,1.9968176567554474,False
10,wave_feature_stage1.0.wave_feature_conv2,27,1,1000,0.002,150.0,30.0,post_relu_mean,6.0580267906188965,-6.0580267906188965,1.3047494888305664,0.05878486484289169,0.05516596883535385,221.19223594665527,0.26177128137775024,-0.09914434417962652,5.7332450092910285,2.223453871011734,False
10,wave_feature_stage1.0.wave_feature_conv2,19,1,1000,0.002,150.0,30.0,post_relu_mean,5.2600836753845215,-5.2600836753845215,1.262394666671753,0.05280414968729019,0.053048208355903625,234.34075164794922,0.3098395870284556,-0.09225157524938031,5.335887739655214,2.172750188112259,False
14,wave_feature_stage1.1.wave_feature_conv1,18,1,1000,0.002,150.0,30.0,post_relu_mean,39.89189910888672,-39.89189910888672,2.8767569065093994,0.15723657608032227,0.11798802018165588,206.69961738586426,0.4988222719127987,-0.0807194743352776,4.664589666109512,2.0094956505298613,False
14,wave_feature_stage1.1.wave_feature_conv1,2,1,1000,0.002,150.0,30.0,post_relu_mean,41.383846282958984,-41.383846282958984,2.852742910385132,0.1671106517314911,0.14011892676353455,261.16286849975586,0.6143852608356918,-0.08778081342444939,5.074993623695205,2.0857771754264833,False
14,wave_feature_stage1.1.wave_feature_conv1,16,1,1000,0.002,150.0,30.0,post_relu_mean,12.464619636535645,-12.464619636535645,1.8966572284698486,0.07548985630273819,0.052179254591464996,276.9530849456787,0.43260458756392794,-0.12173735807924237,7.039329650034106,2.4114367711544036,False
16,wave_feature_stage1.1.wave_feature_conv2,11,1,1000,0.002,150.0,30.0,post_relu_mean,5.709611415863037,-5.709611415863037,1.2958239316940308,0.057127080857753754,0.04824214056134224,222.57111167907715,0.21395612361139374,-0.09626971192096348,5.567309208171068,2.2752916955947877,False
16,wave_feature_stage1.1.wave_feature_conv2,4,1,1000,0.002,150.0,30.0,post_relu_mean,5.281612396240234,-5.281612396240234,1.3091365098953247,0.06345753371715546,0.0466824471950531,229.59069633483887,0.2721486141049901,-0.1021886158754845,5.90826470840188,2.252854777574539,False
16,wave_feature_stage1.1.wave_feature_conv2,22,1,1000,0.002,150.0,30.0,post_relu_mean,5.545595169067383,-5.545595169067383,1.32260262966156,0.05547560751438141,0.046955712139606476,231.82615280151367,0.24865481489172492,-0.10003289556964645,5.786031265881209,2.2974417185783387,False
21,wave_pattern_stage2.0.wave_feature_conv1,22,1,1000,0.002,150.0,30.0,post_relu_mean,138.45571899414062,-138.45571899414062,8.02234935760498,0.30649998784065247,0.250535786151886,310.3007583618164,1.2694291891216916,-0.08524026768729522,4.927209666834926,2.0911675548553466,False
21,wave_pattern_stage2.0.wave_feature_conv1,24,1,1000,0.002,150.0,30.0,post_relu_mean,64.43057250976562,-64.43057250976562,5.353658676147461,0.16321152448654175,0.12008431553840637,329.6352767944336,1.1551022257943107,-0.11677382695275236,6.746215018973666,2.4129385447502134,False
21,wave_pattern_stage2.0.wave_feature_conv1,2,1,1000,0.002,150.0,30.0,post_relu_mean,16.491622924804688,-16.491622924804688,2.975970506668091,0.07622899860143661,0.051660407334566116,410.12831115722656,0.7828245616835144,-0.17288474488721509,9.999523345840776,3.064186099767685,False
23,wave_pattern_stage2.0.wave_feature_conv2,37,1,1000,0.002,150.0,30.0,post_relu_mean,22.222110748291016,-22.222110748291016,2.349410057067871,0.06805531680583954,0.06485331058502197,208.9574966430664,0.2973414589982847,-0.08850708676450278,5.117098046754331,2.1569914615154264,False
23,wave_pattern_stage2.0.wave_feature_conv2,7,1,1000,0.002,150.0,30.0,post_relu_mean,25.46710205078125,-25.46710205078125,2.6236531734466553,0.09002543240785599,0.0869794711470604,246.2511501312256,0.4604014734386555,-0.09918748171789239,5.736159151704974,2.2917306029796602,False
23,wave_pattern_stage2.0.wave_feature_conv2,27,1,1000,0.002,150.0,30.0,post_relu_mean,13.141661643981934,-13.141661643981934,2.1589837074279785,0.07223263382911682,0.06773991137742996,292.36293029785156,0.543074801707762,-0.11520002883971792,6.661281208774119,2.477835875749588,False
26,wave_pattern_stage2.0.skip_connection.0,30,1,1000,0.002,150.0,30.0,post_relu_mean,16.28215789794922,-16.28215789794922,2.2654757499694824,0.0615561306476593,0.04939901828765869,293.2357864379883,0.4530843650193626,-0.12525420100138354,7.244385323569493,2.703790944814682,False
26,wave_pattern_stage2.0.skip_connection.0,37,1,1000,0.002,150.0,30.0,post_relu_mean,13.357767105102539,-13.357767105102539,2.0680341720581055,0.0638381615281105,0.046887584030628204,304.96461486816406,0.4654985848524334,-0.13072654956585023,7.561061155065316,2.7032320058345793,False
26,wave_pattern_stage2.0.skip_connection.0,47,1,1000,0.002,150.0,30.0,post_relu_mean,17.1174373626709,-17.1174373626709,2.345597267150879,0.06811417639255524,0.05129173398017883,309.2046070098877,0.5131090996879875,-0.12710032277031058,7.352226433755588,2.717355408668518,False
29,wave_pattern_stage2.1.wave_feature_conv1,35,1,1000,0.002,150.0,30.0,post_relu_mean,21.290945053100586,-21.290945053100586,3.736821174621582,0.07739318907260895,0.05008077621459961,543.4995384216309,1.0974634395865355,-0.20507562836890444,11.87933019873266,3.702141501903534,False
29,wave_pattern_stage2.1.wave_feature_conv1,39,1,1000,0.002,150.0,30.0,post_relu_mean,17.76511001586914,-17.76511001586914,3.6747474670410156,0.0757095217704773,0.047099899500608444,561.2596626281738,1.1205997944750707,-0.21812881988443,12.62886690415233,3.8569399511814115,False
29,wave_pattern_stage2.1.wave_feature_conv1,4,1,1000,0.002,150.0,30.0,post_relu_mean,18.2443904876709,-18.2443904876709,4.034975051879883,0.09502188861370087,0.05703426152467728,625.5800361633301,1.4595039546368371,-0.23585154729728833,13.652599415011052,4.086381256580353,False
31,wave_pattern_stage2.1.wave_feature_conv2,28,1,1000,0.002,150.0,30.0,post_relu_mean,14.08325481414795,-14.08325481414795,2.5148584842681885,0.06171464920043945,0.04640916362404823,385.03265380859375,0.6783768658486582,-0.14958182567292297,8.665084849008808,2.946962889432907,False
31,wave_pattern_stage2.1.wave_feature_conv2,51,1,1000,0.002,150.0,30.0,post_relu_mean,13.519904136657715,-13.519904136657715,2.5155608654022217,0.06339126080274582,0.047622036188840866,401.1828498840332,0.714778258168867,-0.15230796469202965,8.822675723782623,3.023706887960434,False
31,wave_pattern_stage2.1.wave_feature_conv2,54,1,1000,0.002,150.0,30.0,post_relu_mean,11.749119758605957,-11.749119758605957,2.5245120525360107,0.06520161032676697,0.04725601524114609,440.41322326660156,0.8264533025119695,-0.16551543132850927,9.588315678908938,3.2033372473716737,False
36,interference_stage3.0.wave_feature_conv1,30,1,1000,0.002,150.0,30.0,post_relu_mean,24.673828125,-24.673828125,4.009857654571533,0.08984363824129105,0.05858646333217621,491.9998893737793,0.9984806957326924,-0.19904967920104064,11.520327228711187,3.63885830283165,False
36,interference_stage3.0.wave_feature_conv1,78,1,1000,0.002,150.0,30.0,post_relu_mean,21.96634864807129,-21.96634864807129,4.00241756439209,0.09302718937397003,0.05761362612247467,528.0492324829102,1.0803100926053681,-0.21478258341079196,12.428882481850131,3.864565064907074,False
36,interference_stage3.0.wave_feature_conv1,38,1,1000,0.002,150.0,30.0,post_relu_mean,18.130807876586914,-18.130807876586914,3.9759409427642822,0.0975298136472702,0.059252992272377014,576.7215347290039,1.2027271708454705,-0.2297842326715365,13.300668682083458,4.155814192295074,False
38,interference_stage3.0.wave_feature_conv2,34,1,1000,0.002,150.0,30.0,post_relu_mean,16.040796279907227,-16.040796279907227,3.196336507797241,0.07578150928020477,0.05682630091905594,372.2174263000488,0.7007158168856689,-0.1559752199543056,9.021804659068994,3.2019774651527406,False
38,interference_stage3.0.wave_feature_conv2,52,1,1000,0.002,150.0,30.0,post_relu_mean,15.55109977722168,-15.55109977722168,3.1638965606689453,0.07601301372051239,0.05649677664041519,383.84311294555664,0.7143293935191166,-0.15875656854647685,9.185847666440543,3.2470762825012205,False
38,interference_stage3.0.wave_feature_conv2,17,1,1000,0.002,150.0,30.0,post_relu_mean,14.62801742553711,-14.62801742553711,3.178359270095825,0.07796362787485123,0.05775421857833862,385.05582427978516,0.7409340078843897,-0.15946610317632204,9.225112865380492,3.2853560841083524,False
41,interference_stage3.0.skip_connection.0,126,1,1000,0.002,150.0,30.0,post_relu_mean,10.464128494262695,-10.464128494262695,2.3226592540740967,0.07176180183887482,0.05131308734416962,383.6623420715332,0.6809169435683207,-0.15260910640159497,8.83342332434909,3.0154567801952363,False
41,interference_stage3.0.skip_connection.0,90,1,1000,0.002,150.0,30.0,post_relu_mean,11.141441345214844,-11.141441345214844,2.342647075653076,0.07016947865486145,0.05123460292816162,385.1788101196289,0.7243542173376458,-0.15224380144110528,8.815642105446486,3.012318445444107,False
41,interference_stage3.0.skip_connection.0,68,1,1000,0.002,150.0,30.0,post_relu_mean,10.517973899841309,-10.517973899841309,2.403782606124878,0.07535815984010696,0.05422722548246384,387.9319076538086,0.7290755102962231,-0.15943247105080527,9.225238640464989,3.1067289090156556,False
44,interference_stage3.1.wave_feature_conv1,28,1,1000,0.002,150.0,30.0,post_relu_mean,35.6186637878418,-35.6186637878418,5.3130035400390625,0.10223127901554108,0.06565362215042114,480.4339485168457,1.1171898504364584,-0.19540415311015258,11.305491228160303,3.954825699329376,False
44,interference_stage3.1.wave_feature_conv1,125,1,1000,0.002,150.0,30.0,post_relu_mean,29.84368133544922,-29.84368133544922,5.2623772621154785,0.1087949126958847,0.06698432564735413,524.0096740722656,1.2194906084557922,-0.2140219828909571,12.378429997575973,4.277714672088623,False
44,interference_stage3.1.wave_feature_conv1,2,1,1000,0.002,150.0,30.0,post_relu_mean,20.4788761138916,-20.4788761138916,5.134836673736572,0.11827224493026733,0.06780935823917389,608.4083786010742,1.4603976330285229,-0.249638431789118,14.443213356155812,4.805116326808929,False
46,interference_stage3.1.wave_feature_conv2,19,1,1000,0.002,150.0,30.0,post_relu_mean,30.403244018554688,-30.403244018554688,3.58146071434021,0.07916641980409622,0.06576430052518845,267.8034133911133,0.5090288559134866,-0.1130842019314796,6.5391709562881815,2.66644073843956,False
46,interference_stage3.1.wave_feature_conv2,34,1,1000,0.002,150.0,30.0,post_relu_mean,23.570554733276367,-23.570554733276367,3.2434067726135254,0.08094313740730286,0.062008727341890335,287.84320068359375,0.5448548414236731,-0.12491638511475177,7.222254356418275,2.7851638376712797,False
46,interference_stage3.1.wave_feature_conv2,32,1,1000,0.002,150.0,30.0,post_relu_mean,17.372425079345703,-17.372425079345703,3.125555992126465,0.0833851620554924,0.06078202277421951,329.40843200683594,0.6258029176659616,-0.1404979222628912,8.127392394853254,3.100146576166153,False
51,source_localization_stage4.0.wave_feature_conv1,146,1,1000,0.002,150.0,30.0,post_relu_mean,41.169105529785156,-41.169105529785156,6.029236793518066,0.11584192514419556,0.0713457465171814,480.52339935302734,1.228817571993699,-0.2083780907522414,12.045808426815661,4.313102638721466,False
51,source_localization_stage4.0.wave_feature_conv1,131,1,1000,0.002,150.0,30.0,post_relu_mean,39.34868240356445,-39.34868240356445,5.919586658477783,0.11336535215377808,0.0695175901055336,485.7345733642578,1.2487965975854831,-0.20515649529879598,11.863094038095216,4.294581034183502,False
51,source_localization_stage4.0.wave_feature_conv1,4,1,1000,0.002,150.0,30.0,post_relu_mean,36.31884002685547,-36.31884002685547,5.825427532196045,0.11832629144191742,0.07214649021625519,506.6469421386719,1.2863054843996484,-0.21396475356830214,12.371277707550213,4.439308252334595,False
53,source_localization_stage4.0.wave_feature_conv2,157,1,1000,0.002,150.0,30.0,post_relu_mean,43.4884033203125,-43.4884033203125,4.048537254333496,0.10513696074485779,0.12479713559150696,203.1815528869629,0.5740997431752722,-0.08749275954265193,5.056143029916402,2.2991267812252043,False
53,source_localization_stage4.0.wave_feature_conv2,206,1,1000,0.002,150.0,30.0,post_relu_mean,19.607879638671875,-19.607879638671875,2.9000167846679688,0.09195718169212341,0.08473025262355804,229.5756072998047,0.5611979246332126,-0.10470880233328618,6.051455885040838,2.6431822204589843,False
53,source_localization_stage4.0.wave_feature_conv2,170,1,1000,0.002,150.0,30.0,post_relu_mean,149.50588989257812,-149.50588989257812,9.772723197937012,0.16066107153892517,0.2581251561641693,244.99585914611816,0.9023970392403461,-0.09697866169875069,5.601602360911247,2.333833609819412,False
56,source_localization_stage4.0.skip_connection.0,157,1,1000,0.002,150.0,30.0,post_relu_mean,15.18862247467041,-15.18862247467041,2.863337755203247,0.08122368156909943,0.06192021444439888,325.9972953796387,0.6575377610500096,-0.13926369047268627,8.051874068435986,3.0126712036132814,False
56,source_localization_stage4.0.skip_connection.0,121,1,1000,0.002,150.0,30.0,post_relu_mean,14.448352813720703,-14.448352813720703,2.824246406555176,0.07780840992927551,0.05977972224354744,327.66373443603516,0.6431731291835824,-0.13638119452017367,7.8909451788012195,2.9702340006828307,False
56,source_localization_stage4.0.skip_connection.0,4,1,1000,0.002,150.0,30.0,post_relu_mean,12.419822692871094,-12.419822692871094,2.847364902496338,0.07779993116855621,0.05882485955953598,331.5815887451172,0.6409813450387245,-0.1411316946217494,8.163522622283777,3.046843430995941,False
59,source_localization_stage4.1.wave_feature_conv1,90,1,1000,0.002,150.0,30.0,post_relu_mean,29.999116897583008,-29.999116897583008,4.161871910095215,0.1386309266090393,0.14397777616977692,270.91601943969727,1.174107992693211,-0.1200657460656106,6.936484311014121,2.9669257795810697,False
59,source_localization_stage4.1.wave_feature_conv1,138,1,1000,0.002,150.0,30.0,post_relu_mean,23.40273094177246,-23.40273094177246,3.8624179363250732,0.12617836892604828,0.12208297848701477,271.40953063964844,1.085309866448317,-0.12170011038720488,7.030974495025907,3.0146814966201783,False
59,source_localization_stage4.1.wave_feature_conv1,5,1,1000,0.002,150.0,30.0,post_relu_mean,22.438947677612305,-22.438947677612305,3.7435262203216553,0.12695124745368958,0.12412860244512558,273.3895378112793,1.0998741038072808,-0.1212086338640324,7.0029570668103975,3.0594996786117554,False
61,source_localization_stage4.1.wave_feature_conv2,243,1,1000,0.002,150.0,30.0,post_relu_mean,24.890827178955078,-24.890827178955078,3.1404435634613037,0.13733750581741333,0.1909431666135788,217.82930755615234,1.2242178512285435,-0.0865950736521709,5.0018422980646555,2.301899584531784,False
61,source_localization_stage4.1.wave_feature_conv2,167,1,1000,0.002,150.0,30.0,post_relu_mean,29.011070251464844,-29.011070251464844,3.455331563949585,0.1532076597213745,0.2210955172777176,235.473876953125,1.4586841812677975,-0.09292978898302107,5.3681578527206915,2.344106923341751,False
61,source_localization_stage4.1.wave_feature_conv2,203,1,1000,0.002,150.0,30.0,post_relu_mean,14.83856201171875,-14.83856201171875,2.9684669971466064,0.129306361079216,0.1629846841096878,246.76791381835938,1.259247003247038,-0.10160745237483935,5.869000834409196,2.664522340297699,False
8,wave_feature_stage1.0.wave_feature_conv1,21,2,1000,0.002,150.0,30.0,post_relu_mean,122.3708267211914,-122.3708267211914,5.296747207641602,0.3596707284450531,0.23905068635940552,239.03594970703125,0.7253157274611133,-0.06437647527615876,3.7237700149178528,1.7524596166610718,False
8,wave_feature_stage1.0.wave_feature_conv1,15,2,1000,0.002,150.0,30.0,post_relu_mean,32.668304443359375,-32.668304443359375,2.5000674724578857,0.14963176846504211,0.0753365233540535,242.65884399414062,0.5005508710452026,-0.10067967444968978,5.819262062569832,2.120678726434708,False
8,wave_feature_stage1.0.wave_feature_conv1,24,2,1000,0.002,150.0,30.0,post_relu_mean,19.56368637084961,-19.56368637084961,2.2392125129699707,0.10404273867607117,0.05487491935491562,292.12847900390625,0.5381682799429564,-0.12371324652770026,7.149037507285431,2.3689134383201598,False
10,wave_feature_stage1.0.wave_feature_conv2,5,2,1000,0.002,150.0,30.0,post_relu_mean,15.025006294250488,-15.025006294250488,1.4500916004180908,0.0757436454296112,0.06528902798891068,171.35202026367188,0.19923525952722448,-0.06671704931537395,3.8560186611709697,1.9982700949907304,False
10,wave_feature_stage1.0.wave_feature_conv2,27,2,1000,0.002,150.0,30.0,post_relu_mean,5.694424629211426,-5.694424629211426,1.2403573989868164,0.060739077627658844,0.047520894557237625,223.34001922607422,0.2798469802251178,-0.10004853740346803,5.7815447561156725,2.2626240706443785,False
10,wave_feature_stage1.0.wave_feature_conv2,19,2,1000,0.002,150.0,30.0,post_relu_mean,4.884192943572998,-4.884192943572998,1.1346770524978638,0.051912520080804825,0.044824086129665375,237.91188049316406,0.32539393320324633,-0.09629363521563626,5.568459006647695,2.224210834503174,False
14,wave_feature_stage1.1.wave_feature_conv1,18,2,1000,0.002,150.0,30.0,post_relu_mean,45.104976654052734,-45.104976654052734,3.0779972076416016,0.17272093892097473,0.13190783560276031,201.49671936035156,0.49747467236534476,-0.07520272889463074,4.343996940144454,2.023151098489761,False
14,wave_feature_stage1.1.wave_feature_conv1,2,2,1000,0.002,150.0,30.0,post_relu_mean,41.263023376464844,-41.263023376464844,2.634117841720581,0.16944703459739685,0.13482259213924408,257.3163471221924,0.6152334456772046,-0.08684080872935901,5.021528897220905,2.049719387888908,False
14,wave_feature_stage1.1.wave_feature_conv1,20,2,1000,0.002,150.0,30.0,post_relu_mean,10.70216178894043,-10.70216178894043,1.7512656450271606,0.09238426387310028,0.05708516016602516,276.0415725708008,0.5418786896355183,-0.11283283017057723,6.523068177177229,2.298129642009735,False
16,wave_feature_stage1.1.wave_feature_conv2,11,2,1000,0.002,150.0,30.0,post_relu_mean,5.343524932861328,-5.343524932861328,1.2166637182235718,0.05699814110994339,0.04334385693073273,218.9234790802002,0.2250774023428107,-0.09622767054524115,5.5621654348256095,2.236218795776367,False
16,wave_feature_stage1.1.wave_feature_conv2,4,2,1000,0.002,150.0,30.0,post_relu_mean,4.845184803009033,-4.845184803009033,1.2423735857009888,0.06479041278362274,0.04416678845882416,226.8565673828125,0.28604003315587007,-0.10320027159614538,5.96436553356589,2.2549266803264616,False
16,wave_feature_stage1.1.wave_feature_conv2,22,2,1000,0.002,150.0,30.0,post_relu_mean,5.337381839752197,-5.337381839752197,1.253989577293396,0.05746116489171982,0.04275979846715927,233.1443977355957,0.2966846887560166,-0.10164869358111672,5.875361707564766,2.2884739899635314,False
21,wave_pattern_stage2.0.wave_feature_conv1,22,2,1000,0.002,150.0,30.0,post_relu_mean,133.41835021972656,-133.41835021972656,7.456614971160889,0.29821470379829407,0.2235870212316513,327.14230728149414,1.475324770234474,-0.08296293805136036,4.797839566855395,2.032518966794014,False
21,wave_pattern_stage2.0.wave_feature_conv1,24,2,1000,0.002,150.0,30.0,post_relu_mean,62.341651916503906,-62.341651916503906,5.161747932434082,0.16558003425598145,0.10262879729270935,350.5244674682617,1.3673065477073187,-0.11599903776185563,6.701867017677008,2.433624448776245,False
21,wave_pattern_stage2.0.wave_feature_conv1,2,2,1000,0.002,150.0,30.0,post_relu_mean,15.063039779663086,-15.063039779663086,2.6722564697265625,0.07521961629390717,0.04179367423057556,414.4977378845215,0.889966815429478,-0.1715801365302382,9.920225020240025,3.021282346248627,False
23,wave_pattern_stage2.0.wave_feature_conv2,37,2,1000,0.002,150.0,30.0,post_relu_mean,20.614215850830078,-20.614215850830078,2.1503186225891113,0.0660945400595665,0.05491555482149124,213.72515678405762,0.34137652727986073,-0.0869379843412368,5.02568633780218,2.179916504621506,False
23,wave_pattern_stage2.0.wave_feature_conv2,7,2,1000,0.002,150.0,30.0,post_relu_mean,24.886821746826172,-24.886821746826172,2.404905080795288,0.08808799833059311,0.07484208047389984,246.5043182373047,0.5216852350536556,-0.09356334862093552,5.408501608730869,2.217194926738739,False
23,wave_pattern_stage2.0.wave_feature_conv2,27,2,1000,0.002,150.0,30.0,post_relu_mean,12.029873847961426,-12.029873847961426,1.8162999153137207,0.06830975413322449,0.05609165504574776,301.6998519897461,0.6192365406909089,-0.118044175347071,6.825842904570788,2.4538699078559874,False
26,wave_pattern_stage2.0.skip_connection.0,30,2,1000,0.002,150.0,30.0,post_relu_mean,16.638036727905273,-16.638036727905273,2.3196372985839844,0.06689194589853287,0.04914334788918495,300.85534286499023,0.5061782177774764,-0.1284702629307371,7.424704025272807,2.713894181251526,False
26,wave_pattern_stage2.0.skip_connection.0,37,2,1000,0.002,150.0,30.0,post_relu_mean,13.900797843933105,-13.900797843933105,2.1672277450561523,0.069098100066185,0.046916574239730835,308.67931365966797,0.5174738590111975,-0.13232979250108004,7.648062784023809,2.7148680186271665,False
26,wave_pattern_stage2.0.skip_connection.0,36,2,1000,0.002,150.0,30.0,post_relu_mean,14.093250274658203,-14.093250274658203,2.1106667518615723,0.06304305791854858,0.04199282079935074,317.7279300689697,0.49674153697895745,-0.13640408545757085,7.887685944161318,2.7653896009922025,False
29,wave_pattern_stage2.1.wave_feature_conv1,35,2,1000,0.002,150.0,30.0,post_relu_mean,18.471601486206055,-18.471601486206055,3.1256697177886963,0.08024527132511139,0.040268249809741974,571.5593719482422,1.2788595882804044,-0.2252095837594152,13.028516447117008,3.847789750099182,False
29,wave_pattern_stage2.1.wave_feature_conv1,39,2,1000,0.002,150.0,30.0,post_relu_mean,14.109686851501465,-14.109686851501465,3.0495073795318604,0.07692185044288635,0.03787290304899216,589.5107879638672,1.2890929562100661,-0.236144968775434,13.662992955101371,3.9959041512012483,False
29,wave_pattern_stage2.1.wave_feature_conv1,54,2,1000,0.002,150.0,30.0,post_relu_mean,13.19700813293457,-13.19700813293457,3.1309685707092285,0.09423090517520905,0.04180201515555382,662.1722793579102,1.5184637370788383,-0.26206515476207065,15.160962620784241,4.35418553352356,False
31,wave_pattern_stage2.1.wave_feature_conv2,28,2,1000,0.002,150.0,30.0,post_relu_mean,10.937363624572754,-10.937363624572754,1.9349358081817627,0.0616806261241436,0.0389796681702137,402.40590476989746,0.7639133222100526,-0.16356156714186254,9.462387348760421,3.0383241641521455,False
31,wave_pattern_stage2.1.wave_feature_conv2,51,2,1000,0.002,150.0,30.0,post_relu_mean,10.695852279663086,-10.695852279663086,1.9189765453338623,0.06369270384311676,0.039402976632118225,420.5042495727539,0.8154599191747821,-0.16513774312196094,9.555364604937383,3.0922945916652678,False
31,wave_pattern_stage2.1.wave_feature_conv2,54,2,1000,0.002,150.0,30.0,post_relu_mean,9.077115058898926,-9.077115058898926,1.898898720741272,0.06729201972484589,0.038892123848199844,464.943359375,0.9568406470264634,-0.18221805790239057,10.54270313716554,3.312540818452835,False
36,interference_stage3.0.wave_feature_conv1,30,2,1000,0.002,150.0,30.0,post_relu_mean,22.366004943847656,-22.366004943847656,3.400768518447876,0.08768507838249207,0.048001520335674286,503.2602653503418,1.0957176782293139,-0.20634233036554828,11.938257402098273,3.634506689310074,False
36,interference_stage3.0.wave_feature_conv1,78,2,1000,0.002,150.0,30.0,post_relu_mean,20.183372497558594,-20.183372497558594,3.425565242767334,0.09362049400806427,0.048984427005052567,541.3601036071777,1.225364474626687,-0.22316069990430024,12.906287577711462,3.8381341314315796,False
36,interference_stage3.0.wave_feature_conv1,2,2,1000,0.002,150.0,30.0,post_relu_mean,16.76557731628418,-16.76557731628418,3.3571155071258545,0.09981794655323029,0.0497029684484005,590.4014854431152,1.3435675137254315,-0.2368052379705717,13.696634668293019,4.077315893173218,False
38,interference_stage3.0.wave_feature_conv2,34,2,1000,0.002,150.0,30.0,post_relu_mean,13.997486114501953,-13.997486114501953,2.484999656677246,0.07341289520263672,0.0461990050971508,379.734375,0.7931031214116554,-0.1598489369010654,9.240718888268976,3.117487310171127,False
38,interference_stage3.0.wave_feature_conv2,17,2,1000,0.002,150.0,30.0,post_relu_mean,12.839546203613281,-12.839546203613281,2.4445695877075195,0.07559537887573242,0.046090077608823776,395.7453193664551,0.8549180948205021,-0.1659997573614496,9.598438386558737,3.2149843633174897,False
38,interference_stage3.0.wave_feature_conv2,52,2,1000,0.002,150.0,30.0,post_relu_mean,13.207133293151855,-13.207133293151855,2.4519102573394775,0.0723763182759285,0.045137424021959305,398.0354766845703,0.8463162922203855,-0.16479841723692787,9.528892916617336,3.214441783428192,False
41,interference_stage3.0.skip_connection.0,90,2,1000,0.002,150.0,30.0,post_relu_mean,8.69192123413086,-8.69192123413086,1.8224273920059204,0.06591523438692093,0.04321261867880821,390.377534866333,0.7696222568770235,-0.15370226352845867,8.894112646519439,2.9687563717365264,False
41,interference_stage3.0.skip_connection.0,68,2,1000,0.002,150.0,30.0,post_relu_mean,8.538330078125,-8.538330078125,1.9304721355438232,0.07281544804573059,0.046155303716659546,391.6834487915039,0.7697270029492748,-0.1563057004138498,9.040626196384345,3.0534490120410918,False
41,interference_stage3.0.skip_connection.0,126,2,1000,0.002,150.0,30.0,post_relu_mean,7.740010738372803,-7.740010738372803,1.8259544372558594,0.07085825502872467,0.045133206993341446,393.0532627105713,0.7642160820042335,-0.15725387739471777,9.09644370589639,3.0051340568065643,False
44,interference_stage3.1.wave_feature_conv1,28,2,1000,0.002,150.0,30.0,post_relu_mean,26.786869049072266,-26.786869049072266,3.954928159713745,0.10172359645366669,0.05282420292496681,517.8488693237305,1.4368939800129192,-0.20607579119321887,11.916747152250807,3.9721728563308716,False
44,interference_stage3.1.wave_feature_conv1,125,2,1000,0.002,150.0,30.0,post_relu_mean,23.071269989013672,-23.071269989013672,3.8777999877929688,0.10631749033927917,0.05350176617503166,555.2901306152344,1.5186722751390036,-0.22046666801016027,12.74935162828538,4.147944396734237,False
44,interference_stage3.1.wave_feature_conv1,2,2,1000,0.002,150.0,30.0,post_relu_mean,17.411283493041992,-17.411283493041992,3.797226905822754,0.11650071293115616,0.05412288382649422,633.5420150756836,1.7546795697062423,-0.2514901228386651,14.542532370639147,4.565281596183777,False
46,interference_stage3.1.wave_feature_conv2,19,2,1000,0.002,150.0,30.0,post_relu_mean,24.785831451416016,-24.785831451416016,2.620471239089966,0.07346126437187195,0.0574776828289032,279.5806407928467,0.6497402169464774,-0.10975488291349664,6.345159595103988,2.5018703031539915,False
46,interference_stage3.1.wave_feature_conv2,34,2,1000,0.002,150.0,30.0,post_relu_mean,18.992891311645508,-18.992891311645508,2.282688856124878,0.06993847340345383,0.050783488899469376,283.83654975891113,0.5521947786554717,-0.11762744612591142,6.800662426240472,2.5525483226776124,False
46,interference_stage3.1.wave_feature_conv2,32,2,1000,0.002,150.0,30.0,post_relu_mean,13.90155029296875,-13.90155029296875,2.1133034229278564,0.07326109707355499,0.04939759150147438,331.68415451049805,0.7120212182971267,-0.13506364767740786,7.80962171491756,2.8153037321567536,False
51,source_localization_stage4.0.wave_feature_conv1,146,2,1000,0.002,150.0,30.0,post_relu_mean,31.135025024414062,-31.135025024414062,4.247100830078125,0.10258883982896805,0.05740882828831673,468.23412322998047,1.3142378128989967,-0.1877483565278219,10.854044023740625,3.7312834310531615,False
51,source_localization_stage4.0.wave_feature_conv1,131,2,1000,0.002,150.0,30.0,post_relu_mean,29.881376266479492,-29.881376266479492,4.094629764556885,0.10013946890830994,0.054617516696453094,471.3199996948242,1.3027364743065575,-0.184574774276698,10.672250290982268,3.6703155887126924,False
51,source_localization_stage4.0.wave_feature_conv1,4,2,1000,0.002,150.0,30.0,post_relu_mean,28.014610290527344,-28.014610290527344,4.063895225524902,0.10423903167247772,0.05685412511229515,494.4853324890137,1.3774452934684551,-0.19345872292933122,11.182118115889164,3.8290487051010134,False
53,source_localization_stage4.0.wave_feature_conv2,157,2,1000,0.002,150.0,30.0,post_relu_mean,36.308349609375,-36.308349609375,3.145838975906372,0.09391896426677704,0.10763330012559891,197.44938468933105,0.6932164227065599,-0.07402189654598695,4.27709508247276,2.0596042227745057,False
53,source_localization_stage4.0.wave_feature_conv2,170,2,1000,0.002,150.0,30.0,post_relu_mean,128.7091522216797,-128.7091522216797,8.34195613861084,0.1410927027463913,0.2107592225074768,229.84248733520508,1.0688817685176724,-0.07669507952451013,4.4291962128184,2.0759953159093856,False
53,source_localization_stage4.0.wave_feature_conv2,206,2,1000,0.002,150.0,30.0,post_relu_mean,14.816645622253418,-14.816645622253418,1.96139395236969,0.07922042906284332,0.07018288969993591,226.8134365081787,0.7044638090370093,-0.09163083143355134,5.294552497560232,2.3726424372196195,False
56,source_localization_stage4.0.skip_connection.0,157,2,1000,0.002,150.0,30.0,post_relu_mean,11.920989036560059,-11.920989036560059,1.990034818649292,0.06746602058410645,0.04998773708939552,305.8048725128174,0.5220479278320629,-0.12535091459371142,7.250429923906628,2.748162841796875,False
56,source_localization_stage4.0.skip_connection.0,121,2,1000,0.002,150.0,30.0,post_relu_mean,11.07830810546875,-11.07830810546875,1.9706659317016602,0.06798827648162842,0.05005351081490517,316.8394660949707,0.5475867516001149,-0.12782322869372006,7.391681591307748,2.7914042460918425,False
56,source_localization_stage4.0.skip_connection.0,4,2,1000,0.002,150.0,30.0,post_relu_mean,8.910645484924316,-8.910645484924316,1.9029871225357056,0.0684404969215393,0.04830244183540344,322.46569061279297,0.5845389550920497,-0.1329075532090787,7.685616071719348,2.804092104434967,False
59,source_localization_stage4.1.wave_feature_conv1,138,2,1000,0.002,150.0,30.0,post_relu_mean,13.358482360839844,-13.358482360839844,2.135678768157959,0.09364514797925949,0.08087687194347382,249.27398681640625,0.9858825712903712,-0.1037175223203822,5.993303448258918,2.618753105401993,False
59,source_localization_stage4.1.wave_feature_conv1,90,2,1000,0.002,150.0,30.0,post_relu_mean,19.7489013671875,-19.7489013671875,2.5284194946289062,0.10232257843017578,0.09785163402557373,249.13986587524414,1.1471192503258698,-0.09974709332199401,5.762835281657073,2.5298960518836977,False
59,source_localization_stage4.1.wave_feature_conv1,244,2,1000,0.002,150.0,30.0,post_relu_mean,11.95785903930664,-11.95785903930664,2.100919008255005,0.093839630484581,0.0801844596862793,257.31916427612305,1.0139499309035782,-0.1048567793555801,6.059512086077054,2.637589738368988,False
61,source_localization_stage4.1.wave_feature_conv2,243,2,1000,0.002,150.0,30.0,post_relu_mean,11.988860130310059,-11.988860130310059,1.5937408208847046,0.08815553039312363,0.09850892424583435,183.8921718597412,0.7223233656459448,-0.07272143965140114,4.201422457390062,2.142710999250412,False
61,source_localization_stage4.1.wave_feature_conv2,167,2,1000,0.002,150.0,30.0,post_relu_mean,19.99268341064453,-19.99268341064453,2.1124305725097656,0.10164407640695572,0.12932510673999786,191.76300430297852,0.8744774203187993,-0.07633356261734377,4.411349246363737,2.1444504225254057,False
61,source_localization_stage4.1.wave_feature_conv2,40,2,1000,0.002,150.0,30.0,post_relu_mean,7.136370658874512,-7.136370658874512,1.469178318977356,0.08862802386283875,0.09384278953075409,199.6845359802246,0.8196690943259869,-0.08021226979639567,4.633747458481952,2.265428190231323,False
8,wave_feature_stage1.0.wave_feature_conv1,21,3,1000,0.002,150.0,30.0,post_relu_mean,110.9211196899414,-110.9211196899414,5.203466892242432,0.32933926582336426,0.24511508643627167,230.46122550964355,0.6815890793580597,-0.06611729283634313,3.8217776833749206,1.814235709309578,False
8,wave_feature_stage1.0.wave_feature_conv1,15,3,1000,0.002,150.0,30.0,post_relu_mean,30.008270263671875,-30.008270263671875,2.5747323036193848,0.13311222195625305,0.1001162901520729,234.4747657775879,0.4768875082076284,-0.09992084777838901,5.774831462018243,2.1587972438335417,False
8,wave_feature_stage1.0.wave_feature_conv1,24,3,1000,0.002,150.0,30.0,post_relu_mean,19.171083450317383,-19.171083450317383,2.446367025375366,0.10459332168102264,0.08434580266475677,282.0210075378418,0.5451330913678256,-0.11584937719432213,6.694470576522636,2.3783274054527284,False
10,wave_feature_stage1.0.wave_feature_conv2,5,3,1000,0.002,150.0,30.0,post_relu_mean,15.406826972961426,-15.406826972961426,1.5380486249923706,0.0770498514175415,0.09037590026855469,162.65059280395508,0.1802267280806131,-0.06258925213402855,3.617786767837662,2.0057138270139694,False
10,wave_feature_stage1.0.wave_feature_conv2,27,3,1000,0.002,150.0,30.0,post_relu_mean,6.617008686065674,-6.617008686065674,1.4642436504364014,0.06539449095726013,0.07377734035253525,211.94517517089844,0.266240043497969,-0.08927062123229337,5.161938621317041,2.1961956250667574,False
10,wave_feature_stage1.0.wave_feature_conv2,19,3,1000,0.002,150.0,30.0,post_relu_mean,5.799736976623535,-5.799736976623535,1.4185855388641357,0.05951031297445297,0.0697646290063858,222.38890266418457,0.3068334393397867,-0.08303512905272205,4.801439423551839,2.16549156665802,False
14,wave_feature_stage1.1.wave_feature_conv1,18,3,1000,0.002,150.0,30.0,post_relu_mean,40.80844497680664,-40.80844497680664,2.9348702430725098,0.1550399214029312,0.14369186758995056,197.67795181274414,0.47715185108096236,-0.07759272551130642,4.482403522590013,2.0370750069618224,False
14,wave_feature_stage1.1.wave_feature_conv1,2,3,1000,0.002,150.0,30.0,post_relu_mean,35.51496887207031,-35.51496887207031,2.6282286643981934,0.1576661765575409,0.14253267645835876,249.90775680541992,0.5750638702913996,-0.08751930646811244,5.0591593556706,2.0925079679489134,False
14,wave_feature_stage1.1.wave_feature_conv1,16,3,1000,0.002,150.0,30.0,post_relu_mean,12.102967262268066,-12.102967262268066,1.9275692701339722,0.08240219205617905,0.07260686159133911,268.4665355682373,0.4611859372545655,-0.11462290706847675,6.6278775196094895,2.370192700624466,False
16,wave_feature_stage1.1.wave_feature_conv2,11,3,1000,0.002,150.0,30.0,post_relu_mean,6.223358154296875,-6.223358154296875,1.3513907194137573,0.06554798036813736,0.07018501311540604,211.00759315490723,0.23142174297222168,-0.08835725501625624,5.110803646091232,2.2080344688892364,False
16,wave_feature_stage1.1.wave_feature_conv2,4,3,1000,0.002,150.0,30.0,post_relu_mean,5.701772212982178,-5.701772212982178,1.398131251335144,0.07107637822628021,0.07092437148094177,218.45161628723145,0.28304390194022183,-0.09507884829183644,5.499199652105812,2.2233297240734102,False
16,wave_feature_stage1.1.wave_feature_conv2,22,3,1000,0.002,150.0,30.0,post_relu_mean,5.80726432800293,-5.80726432800293,1.4247846603393555,0.06549213081598282,0.07004258036613464,223.82514190673828,0.28432923784135683,-0.09366864801302573,5.417137415939025,2.251977119445801,False
21,wave_pattern_stage2.0.wave_feature_conv1,22,3,1000,0.002,150.0,30.0,post_relu_mean,124.71670532226562,-124.71670532226562,7.324507236480713,0.28155243396759033,0.24827498197555542,305.19947814941406,1.2932090120786723,-0.08484929410012748,4.9071925465795605,2.10368355512619,False
21,wave_pattern_stage2.0.wave_feature_conv1,24,3,1000,0.002,150.0,30.0,post_relu_mean,59.216102600097656,-59.216102600097656,5.129612445831299,0.15710139274597168,0.14043012261390686,322.33151626586914,1.1423170941414302,-0.11596966139706776,6.701105196161652,2.4732837200164797,False
21,wave_pattern_stage2.0.wave_feature_conv1,2,3,1000,0.002,150.0,30.0,post_relu_mean,18.397531509399414,-18.397531509399414,3.2771432399749756,0.08516000211238861,0.07170841842889786,386.8003273010254,0.7854049477406592,-0.15629501434900683,9.037813309540146,3.0195345306396484,False
23,wave_pattern_stage2.0.wave_feature_conv2,37,3,1000,0.002,150.0,30.0,post_relu_mean,23.135236740112305,-23.135236740112305,2.4889988899230957,0.07821109145879745,0.08716882020235062,206.02879524230957,0.3275252337331012,-0.0830988094152732,4.805340253274636,2.174795758724213,False
23,wave_pattern_stage2.0.wave_feature_conv2,7,3,1000,0.002,150.0,30.0,post_relu_mean,25.73049545288086,-25.73049545288086,2.6877286434173584,0.09569966793060303,0.10720548033714294,234.81885528564453,0.4750263403364424,-0.08825174809610871,5.102220182501262,2.239042181968689,False
23,wave_pattern_stage2.0.wave_feature_conv2,27,3,1000,0.002,150.0,30.0,post_relu_mean,15.234253883361816,-15.234253883361816,2.336212396621704,0.08005742728710175,0.09039098024368286,278.5006294250488,0.553925086993936,-0.10305301069721572,5.960416254012212,2.407546714544296,False
26,wave_pattern_stage2.0.skip_connection.0,30,3,1000,0.002,150.0,30.0,post_relu_mean,18.485334396362305,-18.485334396362305,2.5705575942993164,0.07447351515293121,0.07739922404289246,281.6179885864258,0.4501199355805862,-0.11401973761845575,6.593556216139107,2.7169414246082306,False
26,wave_pattern_stage2.0.skip_connection.0,37,3,1000,0.002,150.0,30.0,post_relu_mean,15.606438636779785,-15.606438636779785,2.3792824745178223,0.07512892037630081,0.07656028866767883,288.86127853393555,0.4510271302327832,-0.11541482898377699,6.67510678529763,2.723588111400604,False
26,wave_pattern_stage2.0.skip_connection.0,47,3,1000,0.002,150.0,30.0,post_relu_mean,18.517650604248047,-18.517650604248047,2.6469197273254395,0.07936305552721024,0.07978390902280807,292.0711479187012,0.5089618041021233,-0.11400348505683768,6.590562404897142,2.724290288686752,False
29,wave_pattern_stage2.1.wave_feature_conv1,35,3,1000,0.002,150.0,30.0,post_relu_mean,24.683744430541992,-24.683744430541992,4.389762878417969,0.09027338027954102,0.07321330159902573,523.7411918640137,1.1863171721960344,-0.19101268042164776,11.051725458663725,3.548050848245621,False
29,wave_pattern_stage2.1.wave_feature_conv1,39,3,1000,0.002,150.0,30.0,post_relu_mean,21.138444900512695,-21.138444900512695,4.333438873291016,0.08937908709049225,0.07053608447313309,541.1178169250488,1.201927605268354,-0.20190153839367686,11.685288502695126,3.6805710709095,False
29,wave_pattern_stage2.1.wave_feature_conv1,4,3,1000,0.002,150.0,30.0,post_relu_mean,21.242605209350586,-21.242605209350586,4.64035177230835,0.10889942944049835,0.08212053775787354,601.7345504760742,1.5307393547306052,-0.21723989618447734,12.571129870407638,3.8839171624183653,False
31,wave_pattern_stage2.1.wave_feature_conv2,28,3,1000,0.002,150.0,30.0,post_relu_mean,17.982458114624023,-17.982458114624023,3.1687159538269043,0.07486163079738617,0.06939651072025299,376.91859436035156,0.7458079231621205,-0.14398949535772998,8.33161475976256,2.926388293504715,False
31,wave_pattern_stage2.1.wave_feature_conv2,51,3,1000,0.002,150.0,30.0,post_relu_mean,17.605243682861328,-17.605243682861328,3.1341896057128906,0.073971688747406,0.0682094544172287,387.09239196777344,0.7579327898253082,-0.14413640888545717,8.342734855985771,2.9445478653907777,False
31,wave_pattern_stage2.1.wave_feature_conv2,54,3,1000,0.002,150.0,30.0,post_relu_mean,14.165349960327148,-14.165349960327148,3.0850257873535156,0.07885739207267761,0.06896840780973434,427.7227973937988,0.877973384340763,-0.15903471209483788,9.202726579718442,3.1451964676380157,False
36,interference_stage3.0.wave_feature_conv1,30,3,1000,0.002,150.0,30.0,post_relu_mean,29.133075714111328,-29.133075714111328,4.3982625007629395,0.09801056981086731,0.08146870136260986,469.922607421875,1.039502659401401,-0.1799782746367289,10.413000499249776,3.3591630125045775,False
36,interference_stage3.0.wave_feature_conv1,78,3,1000,0.002,150.0,30.0,post_relu_mean,24.82894515991211,-24.82894515991211,4.413443565368652,0.10341810435056686,0.08224120736122131,509.6528968811035,1.1760510788721368,-0.19481541868430285,11.272881615292228,3.5766194462776184,False
36,interference_stage3.0.wave_feature_conv1,38,3,1000,0.002,150.0,30.0,post_relu_mean,22.013866424560547,-22.013866424560547,4.323024749755859,0.10795170068740845,0.08259961754083633,554.6229400634766,1.2978960131150399,-0.2069951106859489,11.978095717957329,3.7632140827178957,False
38,interference_stage3.0.wave_feature_conv2,34,3,1000,0.002,150.0,30.0,post_relu_mean,17.205507278442383,-17.205507278442383,3.6549642086029053,0.09143052250146866,0.08014888316392899,366.31726837158203,0.7236560305592881,-0.1552376562261728,8.972889268327018,3.1475308883190154,False
38,interference_stage3.0.wave_feature_conv2,52,3,1000,0.002,150.0,30.0,post_relu_mean,19.173555374145508,-19.173555374145508,3.6689631938934326,0.08709121495485306,0.07841445505619049,370.8580017089844,0.7107305623653715,-0.15587571895355887,9.01224080391779,3.141638296842575,False
38,interference_stage3.0.wave_feature_conv2,17,3,1000,0.002,150.0,30.0,post_relu_mean,16.662031173706055,-16.662031173706055,3.6659531593322754,0.09154227375984192,0.0805564597249031,375.9968681335449,0.7521124140699363,-0.1589839430290949,9.19129559008125,3.2055368769168853,False
41,interference_stage3.0.skip_connection.0,126,3,1000,0.002,150.0,30.0,post_relu_mean,12.484441757202148,-12.484441757202148,2.517664670944214,0.0780954658985138,0.0728713646531105,354.1473197937012,0.6764708585583058,-0.13194971808308575,7.631824941773143,2.8256674361228944,False
41,interference_stage3.0.skip_connection.0,90,3,1000,0.002,150.0,30.0,post_relu_mean,11.016438484191895,-11.016438484191895,2.5189924240112305,0.07942673563957214,0.07388623058795929,360.567325592041,0.7010163919552889,-0.13453826978399228,7.784495230028714,2.858868772983551,False
41,interference_stage3.0.skip_connection.0,103,3,1000,0.002,150.0,30.0,post_relu_mean,11.306573867797852,-11.306573867797852,2.530038595199585,0.08379005640745163,0.07842449843883514,363.58727645874023,0.7193587180889333,-0.13649291477190495,7.896570127947967,2.93874697804451,False
44,interference_stage3.1.wave_feature_conv1,28,3,1000,0.002,150.0,30.0,post_relu_mean,36.963661193847656,-36.963661193847656,6.748785972595215,0.12916482985019684,0.09868745505809784,498.9579849243164,1.208484498667704,-0.21911494920055802,12.662131062504116,4.350942912101746,False
44,interference_stage3.1.wave_feature_conv1,125,3,1000,0.002,150.0,30.0,post_relu_mean,33.24238586425781,-33.24238586425781,6.679706573486328,0.1328376829624176,0.09806588292121887,535.9652252197266,1.2740215512204416,-0.23811147796967327,13.758806798895966,4.602379801273346,False
44,interference_stage3.1.wave_feature_conv1,2,3,1000,0.002,150.0,30.0,post_relu_mean,23.144508361816406,-23.144508361816406,6.52320671081543,0.14046259224414825,0.09906010329723358,607.8347473144531,1.4926832596836221,-0.26473320687692475,15.301667800740844,5.000639824867249,False
46,interference_stage3.1.wave_feature_conv2,19,3,1000,0.002,150.0,30.0,post_relu_mean,36.09537887573242,-36.09537887573242,5.045598983764648,0.11097146570682526,0.10436929017305374,303.9145050048828,0.7373552079773953,-0.14063625740252114,8.125101141921126,3.1176103019714354,False
46,interference_stage3.1.wave_feature_conv2,34,3,1000,0.002,150.0,30.0,post_relu_mean,32.44096755981445,-32.44096755981445,4.753076553344727,0.10371211171150208,0.09731823205947876,307.1544761657715,0.747993886296871,-0.1374951627246797,7.94522369057498,3.0632698583602904,False
46,interference_stage3.1.wave_feature_conv2,32,3,1000,0.002,150.0,30.0,post_relu_mean,24.644481658935547,-24.644481658935547,4.5366597175598145,0.1039389818906784,0.09379781037569046,339.7812042236328,0.7866350602316401,-0.15297833569649055,8.83845560251979,3.327756975889206,False
51,source_localization_stage4.0.wave_feature_conv1,240,3,1000,0.002,150.0,30.0,post_relu_mean,513.7280883789062,-513.7280883789062,32.08401870727539,0.21103446185588837,0.23836131393909454,487.0787272453308,1.3273930096965336,-0.1935000177997271,11.179476354685905,3.365276997089386,False
51,source_localization_stage4.0.wave_feature_conv1,131,3,1000,0.002,150.0,30.0,post_relu_mean,46.718807220458984,-46.718807220458984,6.4610209465026855,0.1205349788069725,0.09812620282173157,455.00389099121094,1.2461448081819495,-0.18765661929290853,10.845109514421264,3.684572020769119,False
51,source_localization_stage4.0.wave_feature_conv1,146,3,1000,0.002,150.0,30.0,post_relu_mean,45.423805236816406,-45.423805236816406,6.553420066833496,0.12737427651882172,0.1027468666434288,460.121826171875,1.26784989294187,-0.19434521673893904,11.229880623119534,3.8117582201957703,False
53,source_localization_stage4.0.wave_feature_conv2,157,3,1000,0.002,150.0,30.0,post_relu_mean,46.932125091552734,-46.932125091552734,4.505251407623291,0.1228865385055542,0.16702991724014282,204.16110610961914,0.6659930195076268,-0.0849690386289275,4.908522476801965,2.2608845698833466,False
53,source_localization_stage4.0.wave_feature_conv2,118,3,1000,0.002,150.0,30.0,post_relu_mean,131.94390869140625,-131.94390869140625,9.035873413085938,0.11690153926610947,0.1821245551109314,229.66160202026367,0.5277278769778728,-0.07809487772642391,4.516024129838571,2.1371212351322173,False
53,source_localization_stage4.0.wave_feature_conv2,193,3,1000,0.002,150.0,30.0,post_relu_mean,151.1448211669922,-151.1448211669922,10.04990005493164,0.12584415078163147,0.19574648141860962,240.08522605895996,0.5567830052223112,-0.083029540524089,4.802707450455437,2.1699720895290375,False
56,source_localization_stage4.0.skip_connection.0,121,3,1000,0.002,150.0,30.0,post_relu_mean,16.082521438598633,-16.082521438598633,2.4930760860443115,0.07143624126911163,0.07138309627771378,285.15773010253906,0.5034923601235097,-0.10977632007156843,6.348786916242657,2.5493729317188265,False
56,source_localization_stage4.0.skip_connection.0,157,3,1000,0.002,150.0,30.0,post_relu_mean,16.166852951049805,-16.166852951049805,2.539600133895874,0.07496249675750732,0.0749158188700676,285.9573745727539,0.5302264823719252,-0.11227955011848317,6.495001105866375,2.6249472987651825,False
56,source_localization_stage4.0.skip_connection.0,146,3,1000,0.002,150.0,30.0,post_relu_mean,18.503896713256836,-18.503896713256836,2.547750473022461,0.0718858540058136,0.07172848284244537,300.532169342041,0.5784227568640313,-0.11087766764500685,6.41825966083004,2.578709627389908,False
59,source_localization_stage4.1.wave_feature_conv1,123,3,1000,0.002,150.0,30.0,post_relu_mean,196.04905700683594,-196.04905700683594,11.315167427062988,0.16940398514270782,0.29622915387153625,217.63719081878662,0.5425464580745818,-0.07261145096694968,4.1978868315422835,2.0572981894016267,False
59,source_localization_stage4.1.wave_feature_conv1,56,3,1000,0.002,150.0,30.0,post_relu_mean,85.15716552734375,-85.15716552734375,6.474293231964111,0.11749725043773651,0.16955137252807617,209.66033172607422,0.5761356290242745,-0.09056076994538084,5.234056632595482,2.236653919219971,False
59,source_localization_stage4.1.wave_feature_conv1,127,3,1000,0.002,150.0,30.0,post_relu_mean,32.56441116333008,-32.56441116333008,4.206502914428711,0.11537323147058487,0.12879376113414764,253.71974182128906,0.6502197666357112,-0.1129879470054989,6.527624774797843,2.6857277476787567,False
61,source_localization_stage4.1.wave_feature_conv2,18,3,1000,0.002,150.0,30.0,post_relu_mean,23.894229888916016,-23.894229888916016,2.8240692615509033,0.10472778230905533,0.13604450225830078,165.50405883789062,0.39513398896645974,-0.07772386442610894,4.489700716478828,2.126440228223801,False
61,source_localization_stage4.1.wave_feature_conv2,118,3,1000,0.002,150.0,30.0,post_relu_mean,15.220890998840332,-15.220890998840332,2.539797306060791,0.1104256883263588,0.13533350825309753,185.70297241210938,0.4880034935218325,-0.088668718142743,5.122149691110658,2.286975611448288,False
61,source_localization_stage4.1.wave_feature_conv2,243,3,1000,0.002,150.0,30.0,post_relu_mean,19.361482620239258,-19.361482620239258,2.739748239517212,0.12070627510547638,0.16219207644462585,186.1581802368164,0.597325614298269,-0.08456634376712996,4.885794033075273,2.255140745639801,False
8,wave_feature_stage1.0.wave_feature_conv1,21,4,1000,0.002,150.0,30.0,post_relu_mean,107.06981658935547,-107.06981658935547,5.001938343048096,0.32159703969955444,0.24638521671295166,224.34508514404297,0.6703691667867213,-0.06481593034098088,3.7489696026735935,1.8110590428113937,False
8,wave_feature_stage1.0.wave_feature_conv1,15,4,1000,0.002,150.0,30.0,post_relu_mean,28.131141662597656,-28.131141662597656,2.3541581630706787,0.12474283576011658,0.10573171824216843,230.86706161499023,0.46178077196268397,-0.10025814688269201,5.794104525719805,2.1764807832241058,False
8,wave_feature_stage1.0.wave_feature_conv1,24,4,1000,0.002,150.0,30.0,post_relu_mean,18.943056106567383,-18.943056106567383,2.317239284515381,0.10203631222248077,0.09491526335477829,274.7814712524414,0.5271789300729065,-0.11375543628550432,6.575084250180342,2.3967843759059906,False
10,wave_feature_stage1.0.wave_feature_conv2,5,4,1000,0.002,150.0,30.0,post_relu_mean,14.189859390258789,-14.189859390258789,1.4962836503982544,0.07730761915445328,0.0975685864686966,161.0934543609619,0.1692077758084708,-0.06485826909886311,3.749206264307914,2.0426063084602357,False
10,wave_feature_stage1.0.wave_feature_conv2,27,4,1000,0.002,150.0,30.0,post_relu_mean,6.679907321929932,-6.679907321929932,1.4011143445968628,0.06680579483509064,0.08596130460500717,208.2756118774414,0.2659776359094355,-0.09030368815374637,5.221571288983866,2.212990229129791,False
10,wave_feature_stage1.0.wave_feature_conv2,19,4,1000,0.002,150.0,30.0,post_relu_mean,5.438254356384277,-5.438254356384277,1.3550405502319336,0.06148683652281761,0.07999888062477112,220.08935546875,0.29081175854543756,-0.08730930899872764,5.048813917337689,2.215253539085388,False
14,wave_feature_stage1.1.wave_feature_conv1,18,4,1000,0.002,150.0,30.0,post_relu_mean,42.41389083862305,-42.41389083862305,2.8848087787628174,0.15881472826004028,0.158432275056839,196.52156829833984,0.4947332936423618,-0.07410169504306276,4.281912957436336,2.023076542019844,False
14,wave_feature_stage1.1.wave_feature_conv1,2,4,1000,0.002,150.0,30.0,post_relu_mean,36.865692138671875,-36.865692138671875,2.714317798614502,0.16035518050193787,0.1540447175502777,245.13929748535156,0.5865804535512315,-0.0812736685614177,4.698619211093577,2.0594612801074983,False
14,wave_feature_stage1.1.wave_feature_conv1,20,4,1000,0.002,150.0,30.0,post_relu_mean,9.828483581542969,-9.828483581542969,1.802245855331421,0.09212422370910645,0.09296570718288422,260.9969139099121,0.4796490927917393,-0.10652746980352826,6.160021304440735,2.2872575199604035,False
16,wave_feature_stage1.1.wave_feature_conv2,11,4,1000,0.002,150.0,30.0,post_relu_mean,5.997204780578613,-5.997204780578613,1.2983567714691162,0.06437104940414429,0.07703210413455963,206.2906150817871,0.2192625484222056,-0.08759270163261194,5.066479516749767,2.22878277182579,False
16,wave_feature_stage1.1.wave_feature_conv2,4,4,1000,0.002,150.0,30.0,post_relu_mean,5.570255756378174,-5.570255756378174,1.323289394378662,0.07100614905357361,0.07773354649543762,214.6719150543213,0.2891675795661817,-0.09231150161564633,5.3375930352533585,2.2293053925037385,False
16,wave_feature_stage1.1.wave_feature_conv2,22,4,1000,0.002,150.0,30.0,post_relu_mean,5.329102993011475,-5.329102993011475,1.3581494092941284,0.0647340938448906,0.07766611874103546,219.6877899169922,0.2816192103368236,-0.09406316354503098,5.4410664392680275,2.264641913175583,False
21,wave_pattern_stage2.0.wave_feature_conv1,22,4,1000,0.002,150.0,30.0,post_relu_mean,118.606689453125,-118.606689453125,7.011061191558838,0.27664512395858765,0.2474622279405594,307.99901962280273,1.3092920286581935,-0.08452306892923177,4.884562525002723,2.0956314432621004,False
21,wave_pattern_stage2.0.wave_feature_conv1,24,4,1000,0.002,150.0,30.0,post_relu_mean,56.48900604248047,-56.48900604248047,4.930323123931885,0.15423235297203064,0.14952129125595093,328.6052551269531,1.2257896743740846,-0.11783557611458445,6.808968420623003,2.4741779828071593,False
21,wave_pattern_stage2.0.wave_feature_conv1,2,4,1000,0.002,150.0,30.0,post_relu_mean,17.524181365966797,-17.524181365966797,3.0804946422576904,0.08585943281650543,0.09010414034128189,385.2980155944824,0.8013877503779198,-0.15192800306267126,8.786431337100023,3.0401226437091826,False
23,wave_pattern_stage2.0.wave_feature_conv2,37,4,1000,0.002,150.0,30.0,post_relu_mean,21.760129928588867,-21.760129928588867,2.410979747772217,0.07737597823143005,0.10249397903680801,206.37088203430176,0.3493644565687353,-0.0842975292293074,4.873254974870181,2.182666622400284,False
23,wave_pattern_stage2.0.wave_feature_conv2,7,4,1000,0.002,150.0,30.0,post_relu_mean,25.277875900268555,-25.277875900268555,2.63621187210083,0.09715088456869125,0.1219806894659996,234.4113655090332,0.4837909747934907,-0.08902802840361383,5.1483813678066666,2.2627952456474305,False
23,wave_pattern_stage2.0.wave_feature_conv2,27,4,1000,0.002,150.0,30.0,post_relu_mean,14.431859970092773,-14.431859970092773,2.220621109008789,0.08191926777362823,0.10391993820667267,279.96491622924805,0.5691986696502508,-0.10473845802100555,6.0575430945805655,2.419410277605057,False
26,wave_pattern_stage2.0.skip_connection.0,30,4,1000,0.002,150.0,30.0,post_relu_mean,17.391874313354492,-17.391874313354492,2.3889377117156982,0.07293225079774857,0.08256794512271881,269.505558013916,0.42637727762865435,-0.11411394303231072,6.599948315414515,2.7217126417160036,False
26,wave_pattern_stage2.0.skip_connection.0,37,4,1000,0.002,150.0,30.0,post_relu_mean,14.679121017456055,-14.679121017456055,2.175499200820923,0.07462379336357117,0.08261904865503311,279.1298027038574,0.43483522109461026,-0.11645208301971924,6.733953805653513,2.728747309446335,False
26,wave_pattern_stage2.0.skip_connection.0,47,4,1000,0.002,150.0,30.0,post_relu_mean,17.59535026550293,-17.59535026550293,2.4539506435394287,0.08222956955432892,0.08524660766124725,282.507381439209,0.4919431180184777,-0.11485564139244626,6.640787074201644,2.709339962005615,False
29,wave_pattern_stage2.1.wave_feature_conv1,35,4,1000,0.002,150.0,30.0,post_relu_mean,23.633825302124023,-23.633825302124023,4.257167339324951,0.09086881577968597,0.08985806256532669,523.7084274291992,1.2134186564246374,-0.19285569887297876,11.163502712027976,3.555411020517349,False
29,wave_pattern_stage2.1.wave_feature_conv1,39,4,1000,0.002,150.0,30.0,post_relu_mean,20.2841796875,-20.2841796875,4.221086502075195,0.09122508764266968,0.08874138444662094,540.0456428527832,1.2446622487728445,-0.20174376492667329,11.675139539833122,3.683858377933502,False
29,wave_pattern_stage2.1.wave_feature_conv1,4,4,1000,0.002,150.0,30.0,post_relu_mean,20.429777145385742,-20.429777145385742,4.545416355133057,0.10920481383800507,0.09909827262163162,600.4118347167969,1.567298723112149,-0.22066228842687,12.76666621786896,3.919621604681015,False
31,wave_pattern_stage2.1.wave_feature_conv2,28,4,1000,0.002,150.0,30.0,post_relu_mean,16.799724578857422,-16.799724578857422,3.063523769378662,0.07778622210025787,0.0876128152012825,380.4409294128418,0.7896006795806267,-0.14344779344829225,8.304891766741626,2.9295870101451875,False
31,wave_pattern_stage2.1.wave_feature_conv2,51,4,1000,0.002,150.0,30.0,post_relu_mean,16.7568302154541,-16.7568302154541,3.006307363510132,0.07660059630870819,0.08592905104160309,389.85240173339844,0.7863101708738459,-0.14498676669702232,8.397147931443353,2.9575351881980896,False
31,wave_pattern_stage2.1.wave_feature_conv2,54,4,1000,0.002,150.0,30.0,post_relu_mean,13.654690742492676,-13.654690742492676,3.0034472942352295,0.08073403686285019,0.08709540963172913,431.13565826416016,0.9119633300405962,-0.1588316313943081,9.196885325769669,3.150198154449463,False
36,interference_stage3.0.wave_feature_conv1,30,4,1000,0.002,150.0,30.0,post_relu_mean,28.957056045532227,-28.957056045532227,4.481256484985352,0.09997552633285522,0.09836135804653168,470.4273872375488,1.1318437105749986,-0.17278006546854796,9.996792260101504,3.3052401113510133,False
36,interference_stage3.0.wave_feature_conv1,78,4,1000,0.002,150.0,30.0,post_relu_mean,23.519245147705078,-23.519245147705078,4.408820629119873,0.10541349649429321,0.09831594675779343,508.5233840942383,1.2506530492865915,-0.19082093482810392,11.044635452992111,3.5609397315979003,False
36,interference_stage3.0.wave_feature_conv1,2,4,1000,0.002,150.0,30.0,post_relu_mean,21.068401336669922,-21.068401336669922,4.450196266174316,0.11000087857246399,0.10197038948535919,552.0980682373047,1.3646232449037679,-0.20287820318638766,11.73871391414,3.7132763719558715,False
38,interference_stage3.0.wave_feature_conv2,52,4,1000,0.002,150.0,30.0,post_relu_mean,18.982101440429688,-18.982101440429688,3.809048891067505,0.08985146880149841,0.09794026613235474,375.46824645996094,0.8281500167897633,-0.14824442874121935,8.57495023190723,3.1003424680233,False
38,interference_stage3.0.wave_feature_conv2,34,4,1000,0.002,150.0,30.0,post_relu_mean,16.84455108642578,-16.84455108642578,3.821887254714966,0.09235323965549469,0.09998543560504913,374.09527587890625,0.8510755219959364,-0.15027536162895197,8.6917784579379,3.142791484594345,False
38,interference_stage3.0.wave_feature_conv2,17,4,1000,0.002,150.0,30.0,post_relu_mean,16.564104080200195,-16.564104080200195,3.847165107727051,0.09289674460887909,0.10118408501148224,383.7389488220215,0.88728305230901,-0.15177307445629404,8.780359054911354,3.1953849601745605,False
41,interference_stage3.0.skip_connection.0,126,4,1000,0.002,150.0,30.0,post_relu_mean,11.954996109008789,-11.954996109008789,2.321622133255005,0.0800275206565857,0.08573368191719055,354.3087043762207,0.68130298465767,-0.13447436681827687,7.787135621461972,2.844228225946426,False
41,interference_stage3.0.skip_connection.0,90,4,1000,0.002,150.0,30.0,post_relu_mean,10.756366729736328,-10.756366729736328,2.3356716632843018,0.08002914488315582,0.08808854967355728,357.67060470581055,0.7173003386144843,-0.1361878426309413,7.8814091572677185,2.866465208530426,False
41,interference_stage3.0.skip_connection.0,79,4,1000,0.002,150.0,30.0,post_relu_mean,11.655583381652832,-11.655583381652832,2.387570858001709,0.07902800291776657,0.08848161995410919,363.1126022338867,0.7485749348280283,-0.13378862241216985,7.74130056652164,2.836486588716507,False
44,interference_stage3.1.wave_feature_conv1,28,4,1000,0.002,150.0,30.0,post_relu_mean,35.4779052734375,-35.4779052734375,6.899801731109619,0.12932336330413818,0.11780703812837601,511.3085403442383,1.4125718430476046,-0.21167753514440277,12.234104577194515,4.316375875473023,False
44,interference_stage3.1.wave_feature_conv1,125,4,1000,0.002,150.0,30.0,post_relu_mean,32.38359451293945,-32.38359451293945,6.820196151733398,0.13413524627685547,0.11813969165086746,548.1030120849609,1.522974636206484,-0.22409736347191347,12.954031624297913,4.435653088092804,False
44,interference_stage3.1.wave_feature_conv1,2,4,1000,0.002,150.0,30.0,post_relu_mean,23.536312103271484,-23.536312103271484,6.728419303894043,0.1387176811695099,0.1183512732386589,616.9873657226562,1.7324312911206547,-0.24664958277780802,14.258635123940648,4.832723925113678,False
46,interference_stage3.1.wave_feature_conv2,34,4,1000,0.002,150.0,30.0,post_relu_mean,32.14716339111328,-32.14716339111328,4.901829242706299,0.10509706288576126,0.1187041699886322,310.5554847717285,0.8654786892294454,-0.13003426345462415,7.514199039431941,3.0598334848880766,False
46,interference_stage3.1.wave_feature_conv2,19,4,1000,0.002,150.0,30.0,post_relu_mean,34.89097213745117,-34.89097213745117,5.222771644592285,0.1114625558257103,0.12163232266902924,309.87754821777344,0.8473151370871203,-0.13480394146103203,7.789200901207972,3.1307191431522368,False
46,interference_stage3.1.wave_feature_conv2,32,4,1000,0.002,150.0,30.0,post_relu_mean,25.140323638916016,-25.140323638916016,4.7320876121521,0.10558214783668518,0.11605359613895416,344.25423431396484,0.9127588024504385,-0.14129504503710616,8.166950527597518,3.3080623710155486,False
51,source_localization_stage4.0.wave_feature_conv1,240,4,1000,0.002,150.0,30.0,post_relu_mean,810.2097778320312,-810.2097778320312,49.515159606933594,0.2543175518512726,0.3397669494152069,528.3818016052246,1.4756387293721247,-0.21739517479140288,12.572856543474703,3.5927126741409303,False
51,source_localization_stage4.0.wave_feature_conv1,131,4,1000,0.002,150.0,30.0,post_relu_mean,46.785194396972656,-46.785194396972656,6.844917297363281,0.12444198131561279,0.11974962800741196,460.70408630371094,1.3323909010859947,-0.1795897066291861,10.381013554950574,3.7648072171211244,False
51,source_localization_stage4.0.wave_feature_conv1,146,4,1000,0.002,150.0,30.0,post_relu_mean,46.697715759277344,-46.697715759277344,7.012986183166504,0.12784157693386078,0.12319988012313843,465.6153030395508,1.3679670747026136,-0.18343885550073008,10.604810965364049,3.8532373583316804,False
53,source_localization_stage4.0.wave_feature_conv2,157,4,1000,0.002,150.0,30.0,post_relu_mean,48.67583465576172,-48.67583465576172,4.781571865081787,0.133970245718956,0.18469902873039246,205.1685333251953,0.6445805276047797,-0.08656150714871692,5.00114205207902,2.4331102561950684,False
53,source_localization_stage4.0.wave_feature_conv2,118,4,1000,0.002,150.0,30.0,post_relu_mean,200.1429443359375,-200.1429443359375,13.19348430633545,0.14608414471149445,0.23356418311595917,244.15316009521484,0.5936348895848211,-0.08607464837194663,4.976663647953312,2.3221703827381135,False
53,source_localization_stage4.0.wave_feature_conv2,193,4,1000,0.002,150.0,30.0,post_relu_mean,226.54806518554688,-226.54806518554688,14.5773286819458,0.15771867334842682,0.2527465224266052,254.9258041381836,0.638060135023279,-0.08904581351191873,5.149614073516505,2.3546243822574615,False
56,source_localization_stage4.0.skip_connection.0,157,4,1000,0.002,150.0,30.0,post_relu_mean,16.804237365722656,-16.804237365722656,2.627657890319824,0.08022059500217438,0.094964399933815,287.201717376709,0.5569972164414733,-0.1093776740532863,6.327523775554042,2.6091467797756196,False
56,source_localization_stage4.0.skip_connection.0,121,4,1000,0.002,150.0,30.0,post_relu_mean,17.008108139038086,-17.008108139038086,2.6386828422546387,0.07830463349819183,0.09216611832380295,288.2685356140137,0.547543805107306,-0.10715082433373395,6.202784690536125,2.5346403300762175,False
56,source_localization_stage4.0.skip_connection.0,146,4,1000,0.002,150.0,30.0,post_relu_mean,18.757080078125,-18.757080078125,2.6033260822296143,0.0765884593129158,0.08996547013521194,304.11782455444336,0.6150817954432422,-0.11286266457942432,6.532895749914513,2.6049143517017366,False
59,source_localization_stage4.1.wave_feature_conv1,123,4,1000,0.002,150.0,30.0,post_relu_mean,269.88433837890625,-269.88433837890625,16.146080017089844,0.18436482548713684,0.2975013256072998,216.3430576324463,0.477423697473096,-0.08647840505814705,5.0015221505093415,2.181384801864624,False
59,source_localization_stage4.1.wave_feature_conv1,56,4,1000,0.002,150.0,30.0,post_relu_mean,75.10157775878906,-75.10157775878906,5.974233627319336,0.11897969245910645,0.16366136074066162,209.36470413208008,0.5598439078930177,-0.09502086285486909,5.488944037985027,2.3043190062046053,False
59,source_localization_stage4.1.wave_feature_conv1,127,4,1000,0.002,150.0,30.0,post_relu_mean,33.01256561279297,-33.01256561279297,4.302916526794434,0.1202041506767273,0.14221619069576263,253.4468536376953,0.684668862402388,-0.11557429405286218,6.673239561210508,2.781551889181137,False
61,source_localization_stage4.1.wave_feature_conv2,18,4,1000,0.002,150.0,30.0,post_relu_mean,26.127513885498047,-26.127513885498047,3.0842244625091553,0.10855654627084732,0.15343962609767914,166.19552612304688,0.40988867820404024,-0.07590982938540597,4.385448417501577,2.231599260568619,False
61,source_localization_stage4.1.wave_feature_conv2,118,4,1000,0.002,150.0,30.0,post_relu_mean,16.44257164001465,-16.44257164001465,2.7776029109954834,0.11405722796916962,0.15642297267913818,185.45027923583984,0.5187529439037636,-0.08344462718661778,4.820502896974979,2.3561181163787843,False
61,source_localization_stage4.1.wave_feature_conv2,193,4,1000,0.002,150.0,30.0,post_relu_mean,17.15835952758789,-17.15835952758789,2.78326153755188,0.10969690978527069,0.15411923825740814,189.76897430419922,0.5038594149974982,-0.08447137307201599,4.8794743697587375,2.3522294366359713,False
8,wave_feature_stage1.0.wave_feature_conv1,21,5,1000,0.002,150.0,30.0,post_relu_mean,111.24554443359375,-111.24554443359375,5.225291728973389,0.3307977318763733,0.2346401810646057,238.45794105529785,0.6812432114407686,-0.06771722705314337,3.9167693702830757,1.8229359567165375,False
8,wave_feature_stage1.0.wave_feature_conv1,15,5,1000,0.002,150.0,30.0,post_relu_mean,28.02090072631836,-28.02090072631836,2.4485957622528076,0.1295798271894455,0.08570641279220581,246.54326057434082,0.47712924592005423,-0.104652808004923,6.04850012781682,2.198851237297058,False
8,wave_feature_stage1.0.wave_feature_conv1,24,5,1000,0.002,150.0,30.0,post_relu_mean,17.051769256591797,-17.051769256591797,2.324972152709961,0.09582515060901642,0.07433529943227768,291.8132553100586,0.5435841297987424,-0.11957556302322322,6.91115404416603,2.372289396524429,False
10,wave_feature_stage1.0.wave_feature_conv2,5,5,1000,0.002,150.0,30.0,post_relu_mean,15.067749977111816,-15.067749977111816,1.5522922277450562,0.0758393332362175,0.09103207290172577,165.50877952575684,0.17980351233521183,-0.06935520023914447,4.00917127124703,2.0025453650951386,False
10,wave_feature_stage1.0.wave_feature_conv2,27,5,1000,0.002,150.0,30.0,post_relu_mean,6.134111404418945,-6.134111404418945,1.3845605850219727,0.06078767031431198,0.07420806586742401,221.73235321044922,0.27867838026386693,-0.09846959486374629,5.691980059132311,2.262112113237381,False
10,wave_feature_stage1.0.wave_feature_conv2,19,5,1000,0.002,150.0,30.0,post_relu_mean,5.45352840423584,-5.45352840423584,1.3364337682724,0.05558886006474495,0.07398153096437454,231.51336860656738,0.3074473380616979,-0.09170733815702951,5.304993076957992,2.208989804983139,False
14,wave_feature_stage1.1.wave_feature_conv1,18,5,1000,0.002,150.0,30.0,post_relu_mean,40.57421875,-40.57421875,3.107140302658081,0.14985257387161255,0.12942740321159363,204.1626968383789,0.5144532452493554,-0.08165293297066314,4.717497584293599,2.023959078192711,False
14,wave_feature_stage1.1.wave_feature_conv1,2,5,1000,0.002,150.0,30.0,post_relu_mean,41.08928680419922,-41.08928680419922,2.826601982116699,0.15896745026111603,0.1551637500524521,255.63370895385742,0.6155284233445304,-0.08090551088230558,4.67838537273416,2.0186802303791045,False
14,wave_feature_stage1.1.wave_feature_conv1,16,5,1000,0.002,150.0,30.0,post_relu_mean,12.896448135375977,-12.896448135375977,1.976288914680481,0.07829591631889343,0.07068882882595062,275.19468116760254,0.46183504176391266,-0.12171982608624361,7.0371302382653145,2.4038040721416474,False
16,wave_feature_stage1.1.wave_feature_conv2,11,5,1000,0.002,150.0,30.0,post_relu_mean,5.707360744476318,-5.707360744476318,1.3589236736297607,0.05484115332365036,0.06501979380846024,216.65110206604004,0.2245372752344121,-0.0938992561818707,5.431507343355379,2.2538062381744384,False
16,wave_feature_stage1.1.wave_feature_conv2,4,5,1000,0.002,150.0,30.0,post_relu_mean,5.2322235107421875,-5.2322235107421875,1.4072188138961792,0.06243131309747696,0.06600407510995865,224.97385597229004,0.2889413613160636,-0.10040470724263911,5.805428062201193,2.2489322340488433,False
16,wave_feature_stage1.1.wave_feature_conv2,22,5,1000,0.002,150.0,30.0,post_relu_mean,5.823436737060547,-5.823436737060547,1.4248014688491821,0.05425509810447693,0.06546711176633835,228.24792289733887,0.27359142527212577,-0.09902324545761652,5.726373213744777,2.280571087598801,False
21,wave_pattern_stage2.0.wave_feature_conv1,22,5,1000,0.002,150.0,30.0,post_relu_mean,126.35438537597656,-126.35438537597656,7.677319049835205,0.2783496379852295,0.24417509138584137,319.9159164428711,1.3086633268366454,-0.08452038561458272,4.88409234962722,2.123395529985428,False
21,wave_pattern_stage2.0.wave_feature_conv1,24,5,1000,0.002,150.0,30.0,post_relu_mean,61.17505645751953,-61.17505645751953,5.321891784667969,0.15839800238609314,0.13832572102546692,345.64680099487305,1.1644255855333159,-0.1255446597775738,7.254433787062341,2.5269342160224912,False
21,wave_pattern_stage2.0.wave_feature_conv1,2,5,1000,0.002,150.0,30.0,post_relu_mean,16.22406005859375,-16.22406005859375,3.1690330505371094,0.07574701309204102,0.07246973365545273,411.3027801513672,0.8516556723260758,-0.1670639154418039,9.661109817028017,2.9996597075462343,False
23,wave_pattern_stage2.0.wave_feature_conv2,37,5,1000,0.002,150.0,30.0,post_relu_mean,21.659107208251953,-21.659107208251953,2.424433708190918,0.066150963306427,0.0845595970749855,213.08329010009766,0.3168982806971954,-0.08883156637593616,5.137366342464177,2.179260058403015,False
23,wave_pattern_stage2.0.wave_feature_conv2,7,5,1000,0.002,150.0,30.0,post_relu_mean,25.190237045288086,-25.190237045288086,2.7710177898406982,0.08712959289550781,0.10413234680891037,245.45319747924805,0.46814475570789066,-0.09523878968022174,5.505382786864984,2.312970710992813,False
23,wave_pattern_stage2.0.wave_feature_conv2,27,5,1000,0.002,150.0,30.0,post_relu_mean,12.998408317565918,-12.998408317565918,2.3254566192626953,0.068592868745327,0.0851747989654541,297.17079162597656,0.5852885803849927,-0.11297574107004808,6.534882860212564,2.4658274519443513,False
