layer_idx,filter_idx,iterations,learning_rate,tv_reg,l2_reg,final_activation,final_target_loss,final_suppression_loss,final_tv_loss,final_l2_loss,loss_reduction,grad_variation,loss_slope_lastk,loss_std_lastk,grad_mean_lastk,converged
36,30,500,0.005,0.0,0.0,1413.2890625,-1413.2890625,515.9895629882812,0.0,0.0,719.3836059570312,0.22084793863539165,-1.5656963305186147,90.39617542626064,3.30233021736145,False
36,30,500,0.005,0.0,1e-06,1413.2900390625,-1413.2900390625,516.0731811523438,0.0,7.494312763214111,719.3009643554688,0.2208386126334428,-1.5657772388370992,90.40065986753032,3.302276986837387,False
36,30,500,0.005,0.0,1e-05,1412.584716796875,-1412.584716796875,515.9312133789062,0.0,7.498110771179199,718.7375640869141,0.21838590768368346,-1.562686079496348,90.22236511952663,3.2957363390922545,False
36,30,500,0.005,0.0,0.0001,1413.6011962890625,-1413.6011962890625,516.232666015625,0.0,7.4940714836120605,719.4520111083984,0.22091570032477792,-1.5666321917752535,90.44999160091989,3.3023952662944795,False
36,30,500,0.005,1e-05,0.0,1412.291259765625,-1412.291259765625,515.8160400390625,3.712421178817749,0.0,718.5592651367188,0.218245838074409,-1.5624831961283652,90.21141413939692,3.2952771472930906,False
36,30,500,0.005,1e-05,1e-06,1413.66748046875,-1413.66748046875,516.298828125,3.7147202491760254,7.497882843017578,719.4526977539062,0.21957379698519777,-1.566244163733488,90.42785034297167,3.2981893682479857,False
36,30,500,0.005,1e-05,1e-05,1411.698974609375,-1411.698974609375,515.4703979492188,3.7137722969055176,7.501341819763184,718.3125762939453,0.2189228794332243,-1.5607758788330057,90.11188368265923,3.296649698019028,False
36,30,500,0.005,1e-05,0.0001,1412.1727294921875,-1412.1727294921875,515.6620483398438,3.7133588790893555,7.499521255493164,718.5941009521484,0.2190325933914947,-1.5619157607541265,90.17789628031534,3.2972897160053254,False
36,30,500,0.005,0.0001,0.0,1413.095458984375,-1413.095458984375,516.028564453125,3.7167065143585205,0.0,719.1506805419922,0.21960379321599177,-1.5648225268131704,90.34570106673026,3.299629321098328,False
36,30,500,0.005,0.0001,1e-06,1412.4149169921875,-1412.4149169921875,515.7072143554688,3.714012622833252,7.496521472930908,718.7914886474609,0.219947784481711,-1.562854490658531,90.23226722867543,3.29971897482872,False
36,30,500,0.005,0.0001,1e-05,1412.44140625,-1412.44140625,515.78369140625,3.7191455364227295,7.501440525054932,718.741455078125,0.21859952322934245,-1.5624858344236925,90.21094095970398,3.295449204444885,False
36,30,500,0.005,0.0001,0.0001,1411.5703125,-1411.5703125,515.4390869140625,3.7103724479675293,7.502734184265137,718.2143859863281,0.21873277076735184,-1.5595410419012916,90.04078729209172,3.2966024708747863,False
36,30,500,0.005,0.0005,0.0,1412.833740234375,-1412.833740234375,515.891357421875,3.7138233184814453,0.0,719.02490234375,0.22024622674302788,-1.5634076129155428,90.26393725960254,3.3009119033813477,False
36,30,500,0.005,0.0005,1e-06,1412.961669921875,-1412.961669921875,515.9554443359375,3.713512420654297,7.497321605682373,719.0887451171875,0.219132643798963,-1.5646438575972945,90.33574742987855,3.2966500973701476,False
36,30,500,0.005,0.0005,1e-05,1411.7734375,-1411.7734375,515.5760498046875,3.7106943130493164,7.500880241394043,718.2798614501953,0.2184978445527223,-1.560168075613023,90.07704104802272,3.2956310534477233,False
36,30,500,0.005,0.0005,0.0001,1412.2196044921875,-1412.2196044921875,515.7119750976562,3.710811138153076,7.5002923011779785,718.5895233154297,0.21919786907940594,-1.5615753824784337,90.15839144886958,3.297940868139267,False
36,30,500,0.01,0.0,0.0,2663.100830078125,-2663.100830078125,971.9578247070312,0.0,0.0,1513.2271728515625,0.2569848265388932,-3.2545477367708116,187.90075132295866,3.4890925598144533,False
36,30,500,0.01,0.0,1e-06,2664.8896484375,-2664.8896484375,972.7025146484375,0.0,22.722278594970703,1514.271240234375,0.25802936216100514,-3.2605268843268935,188.24605016729666,3.490383992195129,False
36,30,500,0.01,0.0,1e-05,2661.451171875,-2661.451171875,971.4061279296875,0.0,22.7132568359375,1512.128921508789,0.2564535558457998,-3.247626613730528,187.5007298546058,3.486850380897522,False
36,30,500,0.01,0.0,0.0001,2663.175537109375,-2663.175537109375,971.8919677734375,0.0,22.713830947875977,1513.365463256836,0.25747697980210427,-3.254721298818603,187.91112537849625,3.489501165151596,False
36,30,500,0.01,1e-05,0.0,2663.1787109375,-2663.1787109375,972.11083984375,7.319825649261475,0.0,1513.15185546875,0.2569363734630248,-3.2566598825920354,188.0225766370136,3.488227970600128,False
36,30,500,0.01,1e-05,1e-06,2664.823974609375,-2664.823974609375,972.6568603515625,7.326073169708252,22.71477699279785,1514.2510986328125,0.2577361995726924,-3.2576479796516393,188.07950371515668,3.4908674860000612,False
36,30,500,0.01,1e-05,1e-05,2664.384765625,-2664.384765625,972.5902099609375,7.317605972290039,22.70993995666504,1513.8783111572266,0.2583298777841941,-3.257296706282403,188.05986314909077,3.4907775259017946,False
36,30,500,0.01,1e-05,0.0001,2663.726806640625,-2663.726806640625,972.2349243164062,7.316951751708984,22.721080780029297,1513.573715209961,0.25700816547367616,-3.2566277571245923,188.02100415780285,3.4876208782196043,False
36,30,500,0.01,0.0001,0.0,2664.914306640625,-2664.914306640625,972.626220703125,7.331485271453857,0.0,1514.3715057373047,0.2582612371287087,-3.257062362228001,188.0453447454266,3.4921729767322542,False
36,30,500,0.01,0.0001,1e-06,2662.046875,-2662.046875,971.6671752929688,7.319958209991455,22.719886779785156,1512.4630584716797,0.2573006331546944,-3.2530897051723167,187.8165905045071,3.4897154498100282,False
36,30,500,0.01,0.0001,1e-05,2662.34619140625,-2662.34619140625,971.6831665039062,7.323459625244141,22.722599029541016,1512.7462768554688,0.2556965559532534,-3.2521491326772916,187.7626528918609,3.4855007147789,False
36,30,500,0.01,0.0001,0.0001,2663.24169921875,-2663.24169921875,972.4561767578125,7.3248138427734375,22.717605590820312,1512.8667297363281,0.2558503583692887,-3.248694454849164,187.56217877796075,3.4849423503875734,False
36,30,500,0.01,0.0005,0.0,2662.72509765625,-2662.72509765625,971.9844970703125,7.325075626373291,0.0,1512.8212890625,0.2562228859068265,-3.2500360779893525,187.63996469636842,3.485631979703903,False
36,30,500,0.01,0.0005,1e-06,2664.27001953125,-2664.27001953125,972.4968872070312,7.319130897521973,22.723026275634766,1513.8538818359375,0.25770094075165156,-3.2583034855107216,188.11716191984155,3.4900336277484896,False
36,30,500,0.01,0.0005,1e-05,2663.966064453125,-2663.966064453125,972.637939453125,7.317687511444092,22.721786499023438,1513.4085845947266,0.256987999590158,-3.255877600400703,187.97742681680492,3.488071925640106,False
36,30,500,0.01,0.0005,0.0001,2663.103271484375,-2663.103271484375,972.2530517578125,7.313976287841797,22.719453811645508,1512.928695678711,0.25677520433224615,-3.2547930736537456,187.91460132033,3.487830549478531,False
36,30,500,0.02,0.0,0.0,5247.0556640625,-5247.0556640625,1918.3701171875,0.0,0.0,3150.7696533203125,0.27578892943638994,-6.696468859719539,386.6170983028254,3.6589414370059967,False
36,30,500,0.02,0.0,1e-06,5247.953125,-5247.953125,1918.5169677734375,0.0,79.11939239501953,3151.5201416015625,0.2763937860899388,-6.698940050832814,386.76003668034053,3.6590648066997526,False
36,30,500,0.02,0.0,1e-05,5243.6279296875,-5243.6279296875,1917.32080078125,0.0,79.14482879638672,3148.3905181884766,0.27529802875851295,-6.688402741776307,386.1519394925708,3.6550978899002073,False
36,30,500,0.02,0.0,0.0001,5248.76953125,-5248.76953125,1919.4154052734375,0.0,79.08433532714844,3151.430404663086,0.2776773237714997,-6.702291498174905,386.95313463564906,3.6625951635837555,False
36,30,500,0.02,1e-05,0.0,5248.0498046875,-5248.0498046875,1918.8565673828125,14.79248046875,0.0,3151.2772216796875,0.27592667589967895,-6.690794035658997,386.2891109507514,3.65831334233284,False
36,30,500,0.02,1e-05,1e-06,5244.447265625,-5244.447265625,1917.600830078125,14.771201133728027,79.13725280761719,3148.9302978515625,0.27543308659264304,-6.684687490295167,385.93670712846654,3.6575095546245575,False
36,30,500,0.02,1e-05,1e-05,5240.74365234375,-5240.74365234375,1915.701416015625,14.784896850585938,79.04277038574219,3147.1253814697266,0.2745114702421675,-6.682836186474729,385.829781745125,3.6547154426574706,False
36,30,500,0.02,1e-05,0.0001,5240.69140625,-5240.69140625,1915.870849609375,14.765410423278809,79.0772705078125,3146.896713256836,0.27391023424450406,-6.688128007490959,386.13557569437046,3.6531063175201415,False
36,30,500,0.02,0.0001,0.0,5246.50244140625,-5246.50244140625,1918.168701171875,14.771844863891602,0.0,3150.4164276123047,0.276195455847589,-6.6955177648972475,386.5626243334937,3.6584284675121306,False
36,30,500,0.02,0.0001,1e-06,5250.99755859375,-5250.99755859375,1920.115966796875,14.771745681762695,79.14915466308594,3152.9642791748047,0.27753009910131726,-6.698387002735371,386.7275552266782,3.662506481409073,False
36,30,500,0.02,0.0001,1e-05,5246.1533203125,-5246.1533203125,1918.2025146484375,14.77653694152832,79.16592407226562,3150.0326538085938,0.2759668214227707,-6.701245090178767,386.8929645226388,3.6579334461688995,False
36,30,500,0.02,0.0001,0.0001,5247.3212890625,-5247.3212890625,1918.4302978515625,14.774412155151367,79.06649780273438,3150.966094970703,0.278743076488676,-6.693844614609017,386.4660612093377,3.6655831146240234,False
36,30,500,0.02,0.0005,0.0,5243.7841796875,-5243.7841796875,1916.8948974609375,14.729028701782227,0.0,3148.9661865234375,0.27610746373536105,-6.68434324697839,385.9162373645922,3.6590691196918486,False
36,30,500,0.02,0.0005,1e-06,5247.7529296875,-5247.7529296875,1918.8265380859375,14.741107940673828,79.10769653320312,3151.0032958984375,0.2760655109620407,-6.69218118462605,386.3692243578438,3.659297963380814,False
36,30,500,0.02,0.0005,1e-05,5243.34619140625,-5243.34619140625,1916.726806640625,14.757917404174805,79.11106872558594,3148.6956939697266,0.27711849030234953,-6.684458669389097,385.92324774650103,3.6618256223201753,False
36,30,500,0.02,0.0005,0.0001,5248.1484375,-5248.1484375,1918.7994384765625,14.766660690307617,79.0509262084961,3151.418441772461,0.27627831736096653,-6.689675675943413,386.2254322624399,3.66017938375473,False
36,30,1000,0.005,0.0,0.0,2686.666748046875,-2686.666748046875,980.4927368164062,0.0,0.0,1528.2581787109375,0.26117956414917365,-1.6279956264348503,93.99131499730456,3.5589411234855652,False
36,30,1000,0.005,0.0,1e-06,2685.670166015625,-2685.670166015625,980.232666015625,0.0,22.649206161499023,1527.5216064453125,0.26020423825313294,-1.625998562988977,93.8760608386362,3.558001625537872,False
36,30,1000,0.005,0.0,1e-05,2686.05810546875,-2686.05810546875,980.9544677734375,0.0,22.656078338623047,1527.187515258789,0.261391735650078,-1.6201902809105873,93.5405659038884,3.5547538590431214,False
36,30,1000,0.005,0.0,0.0001,2686.49072265625,-2686.49072265625,980.8095092773438,0.0,22.637767791748047,1527.7630462646484,0.2618311841150813,-1.6218981234113372,93.63919950733798,3.559738918542862,False
36,30,1000,0.005,1e-05,0.0,2687.759765625,-2687.759765625,981.4797973632812,7.377666473388672,0.0,1528.364013671875,0.2618436487437122,-1.6275118907086443,93.96327766337546,3.5606600260734558,False
36,30,1000,0.005,1e-05,1e-06,2690.382080078125,-2690.382080078125,982.361083984375,7.374798774719238,22.666696548461914,1530.10498046875,0.2626288220027619,-1.6275068596685616,93.96310114486506,3.561919199228287,False
36,30,1000,0.005,1e-05,1e-05,2682.69580078125,-2682.69580078125,979.160400390625,7.381743431091309,22.662460327148438,1525.619155883789,0.25972460972227807,-1.6200848156579886,93.53449123431491,3.552502890825272,False
36,30,1000,0.005,1e-05,0.0001,2685.616455078125,-2685.616455078125,980.1333618164062,7.375787258148193,22.644775390625,1527.564926147461,0.26326022372953595,-1.625749546784324,93.86155858252226,3.565262690782547,False
36,30,1000,0.005,0.0001,0.0,2689.41650390625,-2689.41650390625,981.8425903320312,7.394030570983887,0.0,1529.6573944091797,0.26176317063028953,-1.6292081752117045,94.06123188843976,3.5606444478034973,False
36,30,1000,0.005,0.0001,1e-06,2685.47119140625,-2685.47119140625,980.0886840820312,7.385217189788818,22.660140991210938,1527.4659881591797,0.2615787598416818,-1.625181641320818,93.82877920094585,3.5601065230369566,False
36,30,1000,0.005,0.0001,1e-05,2685.81298828125,-2685.81298828125,980.6016845703125,7.376370906829834,22.666240692138672,1527.2944946289062,0.26167567972359196,-1.622248316339744,93.65938517954298,3.5585993921756742,False
36,30,1000,0.005,0.0001,0.0001,2683.51904296875,-2683.51904296875,979.379150390625,7.361968517303467,22.66010093688965,1526.2210998535156,0.26123546560555816,-1.6206742591660495,93.56850752995814,3.5599118781089785,False
36,30,1000,0.005,0.0005,0.0,2683.29150390625,-2683.29150390625,979.59228515625,7.375739574432373,0.0,1525.7799072265625,0.2599979933799907,-1.619161117669299,93.4812247900889,3.5561190676689147,False
36,30,1000,0.005,0.0005,1e-06,2688.23388671875,-2688.23388671875,981.4330444335938,7.385425567626953,22.645397186279297,1528.8814697265625,0.26273061872241044,-1.6259168032545537,93.87122269574942,3.561468609571457,False
36,30,1000,0.005,0.0005,1e-05,2687.078369140625,-2687.078369140625,980.9882202148438,7.362300872802734,22.655487060546875,1528.1705474853516,0.26323401859754736,-1.6254697057428873,93.84541476938593,3.563521441221237,False
36,30,1000,0.005,0.0005,0.0001,2687.40234375,-2687.40234375,981.076416015625,7.370196342468262,22.657705307006836,1528.4044036865234,0.2624413946255214,-1.6273433143811997,93.95354327123808,3.563079869747162,False
36,30,1000,0.01,0.0,0.0,5261.41552734375,-5261.41552734375,1922.0281982421875,0.0,0.0,3161.4713134765625,0.27027017991602265,-3.3007417432750272,190.5660566911149,3.70153035402298,False
36,30,1000,0.01,0.0,1e-06,5265.783203125,-5265.783203125,1923.374755859375,0.0,78.90530395507812,3164.4925537109375,0.2713039436207052,-3.3060709004297366,190.87376734455628,3.7004398894309998,False
36,30,1000,0.01,0.0,1e-05,5261.20556640625,-5261.20556640625,1921.9903564453125,0.0,78.88888549804688,3161.2987213134766,0.27058394203380687,-3.296640485836365,190.32935140171557,3.699865003824234,False
36,30,1000,0.01,0.0,0.0001,5265.693359375,-5265.693359375,1922.91748046875,0.0,78.96672058105469,3164.852279663086,0.27174762765834887,-3.3093393649538503,191.06241389756983,3.7045244550704957,False
36,30,1000,0.01,1e-05,0.0,5260.322265625,-5260.322265625,1921.59912109375,14.752531051635742,0.0,3160.8070068359375,0.272426663326727,-3.2948944290013493,190.22847341380762,3.70721755027771,False
36,30,1000,0.01,1e-05,1e-06,5269.0263671875,-5269.0263671875,1924.931396484375,14.793298721313477,78.98487854003906,3166.1788330078125,0.2725712177341932,-3.3041455894795804,190.76259626236993,3.7040697741508484,False
36,30,1000,0.01,1e-05,1e-05,5266.50634765625,-5266.50634765625,1923.42578125,14.77051067352295,78.8822250366211,3165.1637115478516,0.27244128272295515,-3.302204479977722,190.6505531140291,3.702560594081879,False
36,30,1000,0.01,1e-05,0.0001,5266.4306640625,-5266.4306640625,1923.751953125,14.754144668579102,78.94464111328125,3164.754867553711,0.2731430874249319,-3.3074642223111246,190.95418293454247,3.70555935382843,False
36,30,1000,0.01,0.0001,0.0,5264.9267578125,-5264.9267578125,1923.230224609375,14.781709671020508,0.0,3163.7792205810547,0.27113424551042586,-3.303182867169335,190.7070273121301,3.7014822864532473,False
36,30,1000,0.01,0.0001,1e-06,5255.765625,-5255.765625,1919.9425048828125,14.770624160766602,78.8870849609375,3157.9059295654297,0.2705515918619811,-3.2985975865216934,190.44224807501834,3.7001224255561826,False
36,30,1000,0.01,0.0001,1e-05,5257.9384765625,-5257.9384765625,1920.690673828125,14.780227661132812,78.9824447631836,3159.3297729492188,0.26826268348540505,-3.296724296220199,190.33411566946612,3.6957161056995393,False
36,30,1000,0.01,0.0001,0.0001,5262.0966796875,-5262.0966796875,1923.37158203125,14.76511001586914,79.01324462890625,3160.800079345703,0.26978502760552664,-3.3018323309645243,190.6290008271753,3.6973330104351043,False
36,30,1000,0.01,0.0005,0.0,5263.35546875,-5263.35546875,1922.5679931640625,14.79171371459961,0.0,3162.8646240234375,0.26958872327316113,-3.3030793241144507,190.70105177096667,3.6964199233055113,False
36,30,1000,0.01,0.0005,1e-06,5266.990234375,-5266.990234375,1923.9384765625,14.756549835205078,78.92530822753906,3165.1287841796875,0.2736949414710518,-3.3073019020299728,190.94482783303073,3.7078944849967956,False
36,30,1000,0.01,0.0005,1e-05,5268.11572265625,-5268.11572265625,1925.21337890625,14.760475158691406,78.95500946044922,3164.9786529541016,0.27281226972663325,-3.3044191086466617,190.7783717020638,3.706603937149048,False
36,30,1000,0.01,0.0005,0.0001,5265.9296875,-5265.9296875,1924.2637939453125,14.752214431762695,78.88282775878906,3163.735336303711,0.2724949033642345,-3.2992973613402836,190.4826639483259,3.7050561130046846,False
36,30,1000,0.02,0.0,0.0,10547.51953125,-10547.51953125,3857.405517578125,0.0,0.0,6512.1983642578125,0.2653175713142509,-6.718641825176488,387.8961277599991,3.823504899740219,False
36,30,1000,0.02,0.0,1e-06,10541.7138671875,-10541.7138671875,3854.48876953125,0.0,294.6386413574219,6509.3087158203125,0.26409693105043863,-6.703113117622863,386.99960968462585,3.817629736661911,False
36,30,1000,0.02,0.0,1e-05,10535.1005859375,-10535.1005859375,3854.4462890625,0.0,294.70257568359375,6502.735488891602,0.2631145738265694,-6.704743976631642,387.0937480506085,3.8179391634464266,False
36,30,1000,0.02,0.0,0.0001,10540.861328125,-10540.861328125,3855.824951171875,0.0,294.2488708496094,6507.091049194336,0.26564083980840014,-6.709180259535786,387.34994316531123,3.82309628367424,False
36,30,1000,0.02,1e-05,0.0,10539.7529296875,-10539.7529296875,3854.7939453125,29.769977569580078,0.0,6507.0426025390625,0.26361294792030393,-6.697105962194953,386.6527742484611,3.819801936149597,False
36,30,1000,0.02,1e-05,1e-06,10538.2890625,-10538.2890625,3855.338623046875,29.696022033691406,294.56719970703125,6505.0333251953125,0.262736268011593,-6.698421655121458,386.7287357532336,3.815890979766846,False
36,30,1000,0.02,1e-05,1e-05,10544.9521484375,-10544.9521484375,3855.87841796875,29.746627807617188,294.67962646484375,6511.154434204102,0.261861245752473,-6.743214826098192,389.3148778340653,3.8137144696712495,False
36,30,1000,0.02,1e-05,0.0001,10526.51171875,-10526.51171875,3850.94873046875,29.726890563964844,294.81939697265625,6497.617416381836,0.25968330336365214,-6.700962463392639,386.8755345081423,3.8051413464546204,False
36,30,1000,0.02,0.0001,0.0,10547.6630859375,-10547.6630859375,3856.93505859375,29.752750396728516,0.0,6512.80924987793,0.26294443687465524,-6.726217406045503,388.33364315905277,3.8182509791851045,False
36,30,1000,0.02,0.0001,1e-06,10549.9208984375,-10549.9208984375,3858.687744140625,29.744110107421875,294.51080322265625,6513.31413269043,0.2658780056059559,-6.7280554211120895,388.4396799000315,3.826342021226883,False
36,30,1000,0.02,0.0001,1e-05,10547.5546875,-10547.5546875,3857.99072265625,29.849197387695312,294.7314453125,6511.642272949219,0.2642405442024482,-6.719485702474593,387.94490628879464,3.8222541391849516,False
36,30,1000,0.02,0.0001,0.0001,10555.25,-10555.25,3861.06591796875,29.72109603881836,294.5653076171875,6516.236114501953,0.2668719301908248,-6.72599195546295,388.3209413437891,3.8312075865268707,False
36,30,1000,0.02,0.0005,0.0,10530.2392578125,-10530.2392578125,3851.80712890625,29.724817276000977,0.0,6500.5018310546875,0.2626123437678615,-6.7153166419492525,387.70423897008953,3.8201366889476778,False
36,30,1000,0.02,0.0005,1e-06,10537.51171875,-10537.51171875,3854.18603515625,29.688291549682617,294.82464599609375,6505.3948974609375,0.2617239836302837,-6.7024236694784545,386.9598092928969,3.814252413511276,False
36,30,1000,0.02,0.0005,1e-05,10548.9638671875,-10548.9638671875,3858.355712890625,29.7504940032959,294.45037841796875,6512.675186157227,0.2669152203198612,-6.748623225224183,389.6271213498847,3.8330923318862915,False
36,30,1000,0.02,0.0005,0.0001,10544.416015625,-10544.416015625,3856.45263671875,29.73561668395996,294.56439208984375,6510.003890991211,0.26182623547819184,-6.710677200645836,387.43644616233524,3.814025958776474,False
